[[1;34mINFO[m] Scanning for projects...
[[1;34mINFO[m] 
[[1;34mINFO[m] [1m-----------------------< [0;36mcom.example:01-WebFlux[0;1m >-----------------------[m
[[1;34mINFO[m] [1mBuilding 01-WebFlux 0.0.1-SNAPSHOT[m
[[1;34mINFO[m] [1m--------------------------------[ jar ]---------------------------------[m
[[1;34mINFO[m] 
[[1;34mINFO[m] [1m>>> [0;32mspring-boot-maven-plugin:3.5.7:run[m [1m(default-cli)[0;1m > [0;1mtest-compile[m @ [36m01-WebFlux[0;1m >>>[m
[[1;34mINFO[m] 
[[1;34mINFO[m] [1m--- [0;32mmaven-resources-plugin:3.3.1:resources[m [1m(default-resources)[m @ [36m01-WebFlux[0;1m ---[m
[[1;34mINFO[m] Copying 1 resource from src/main/resources to target/classes
[[1;34mINFO[m] Copying 1 resource from src/main/resources to target/classes
[[1;34mINFO[m] 
[[1;34mINFO[m] [1m--- [0;32mmaven-compiler-plugin:3.14.1:compile[m [1m(default-compile)[m @ [36m01-WebFlux[0;1m ---[m
[[1;34mINFO[m] Recompiling the module because of [1mchanged source code[m.
[[1;34mINFO[m] Compiling 122 source files with javac [debug parameters release 21] to target/classes
[[1;34mINFO[m] 
[[1;34mINFO[m] [1m--- [0;32mmaven-resources-plugin:3.3.1:testResources[m [1m(default-testResources)[m @ [36m01-WebFlux[0;1m ---[m
[[1;34mINFO[m] skip non existing resourceDirectory /home/bryan/Documents/github-repos/microservices-with-spring-cloud-and-webflux/01-WebFlux/src/test/resources
[[1;34mINFO[m] 
[[1;34mINFO[m] [1m--- [0;32mmaven-compiler-plugin:3.14.1:testCompile[m [1m(default-testCompile)[m @ [36m01-WebFlux[0;1m ---[m
[[1;34mINFO[m] Recompiling the module because of [1mchanged dependency[m.
[[1;34mINFO[m] Compiling 1 source file with javac [debug parameters release 21] to target/test-classes
[[1;34mINFO[m] 
[[1;34mINFO[m] [1m<<< [0;32mspring-boot-maven-plugin:3.5.7:run[m [1m(default-cli)[0;1m < [0;1mtest-compile[m @ [36m01-WebFlux[0;1m <<<[m
[[1;34mINFO[m] 
[[1;34mINFO[m] 
[[1;34mINFO[m] [1m--- [0;32mspring-boot-maven-plugin:3.5.7:run[m [1m(default-cli)[m @ [36m01-WebFlux[0;1m ---[m
[[1;34mINFO[m] Attaching agents: []

  .   ____          _            __ _ _
 /\\ / ___'_ __ _ _(_)_ __  __ _ \ \ \ \
( ( )\___ | '_ | '_| | '_ \/ _` | \ \ \ \
 \\/  ___)| |_)| | | | | || (_| |  ) ) ) )
  '  |____| .__|_| |_|_| |_\__, | / / / /
 =========|_|==============|___/=/_/_/_/

 :: Spring Boot ::                (v3.5.7)

2026-02-06T19:02:51.590-05:00  INFO 21219 --- [01-WebFlux] [           main] com.example.webflux.Application          : Starting Application using Java 21.0.9 with PID 21219 (/home/bryan/Documents/github-repos/microservices-with-spring-cloud-and-webflux/01-WebFlux/target/classes started by bryan in /home/bryan/Documents/github-repos/microservices-with-spring-cloud-and-webflux/01-WebFlux)
2026-02-06T19:02:51.593-05:00  INFO 21219 --- [01-WebFlux] [           main] com.example.webflux.Application          : No active profile set, falling back to 1 default profile: "default"
2026-02-06T19:02:51.594-05:00 DEBUG 21219 --- [01-WebFlux] [           main] o.s.boot.SpringApplication               : Loading source class com.example.webflux.Application
2026-02-06T19:02:51.646-05:00 DEBUG 21219 --- [01-WebFlux] [           main] onfigReactiveWebServerApplicationContext : Refreshing org.springframework.boot.web.reactive.context.AnnotationConfigReactiveWebServerApplicationContext@22f31dec
2026-02-06T19:02:51.661-05:00 DEBUG 21219 --- [01-WebFlux] [           main] o.s.b.f.s.DefaultListableBeanFactory     : Creating shared instance of singleton bean 'org.springframework.context.annotation.internalConfigurationAnnotationProcessor'
2026-02-06T19:02:51.673-05:00 DEBUG 21219 --- [01-WebFlux] [           main] o.s.b.f.s.DefaultListableBeanFactory     : Creating shared instance of singleton bean 'org.springframework.boot.autoconfigure.internalCachingMetadataReaderFactory'
2026-02-06T19:02:51.754-05:00 DEBUG 21219 --- [01-WebFlux] [           main] o.s.c.a.ClassPathBeanDefinitionScanner   : Identified candidate component class: file [/home/bryan/Documents/github-repos/microservices-with-spring-cloud-and-webflux/01-WebFlux/target/classes/com/example/webflux/application/auth/orchestator/AuthUseCaseImp.class]
2026-02-06T19:02:51.760-05:00 DEBUG 21219 --- [01-WebFlux] [           main] o.s.c.a.ClassPathBeanDefinitionScanner   : Identified candidate component class: file [/home/bryan/Documents/github-repos/microservices-with-spring-cloud-and-webflux/01-WebFlux/target/classes/com/example/webflux/application/listings/orchestator/ListingUseCaseImp.class]
2026-02-06T19:02:51.761-05:00 DEBUG 21219 --- [01-WebFlux] [           main] o.s.c.a.ClassPathBeanDefinitionScanner   : Identified candidate component class: file [/home/bryan/Documents/github-repos/microservices-with-spring-cloud-and-webflux/01-WebFlux/target/classes/com/example/webflux/application/orders/orchestator/OrderUseCaseImp.class]
2026-02-06T19:02:51.763-05:00 DEBUG 21219 --- [01-WebFlux] [           main] o.s.c.a.ClassPathBeanDefinitionScanner   : Identified candidate component class: file [/home/bryan/Documents/github-repos/microservices-with-spring-cloud-and-webflux/01-WebFlux/target/classes/com/example/webflux/application/products/orchestator/ProductUseCaseImp.class]
2026-02-06T19:02:51.764-05:00 DEBUG 21219 --- [01-WebFlux] [           main] o.s.c.a.ClassPathBeanDefinitionScanner   : Identified candidate component class: file [/home/bryan/Documents/github-repos/microservices-with-spring-cloud-and-webflux/01-WebFlux/target/classes/com/example/webflux/application/refreshToken/orchestrator/RefreshTokenUseCaseImp.class]
2026-02-06T19:02:51.782-05:00 DEBUG 21219 --- [01-WebFlux] [           main] o.s.c.a.ClassPathBeanDefinitionScanner   : Identified candidate component class: file [/home/bryan/Documents/github-repos/microservices-with-spring-cloud-and-webflux/01-WebFlux/target/classes/com/example/webflux/infrastructure/auth/controller/AuthController.class]
2026-02-06T19:02:51.785-05:00 DEBUG 21219 --- [01-WebFlux] [           main] o.s.c.a.ClassPathBeanDefinitionScanner   : Identified candidate component class: file [/home/bryan/Documents/github-repos/microservices-with-spring-cloud-and-webflux/01-WebFlux/target/classes/com/example/webflux/infrastructure/auth/repository/R2dbcUserRepositoryAdapter.class]
2026-02-06T19:02:51.786-05:00 DEBUG 21219 --- [01-WebFlux] [           main] o.s.c.a.ClassPathBeanDefinitionScanner   : Identified candidate component class: file [/home/bryan/Documents/github-repos/microservices-with-spring-cloud-and-webflux/01-WebFlux/target/classes/com/example/webflux/infrastructure/listings/controller/ListingController.class]
2026-02-06T19:02:51.787-05:00 DEBUG 21219 --- [01-WebFlux] [           main] o.s.c.a.ClassPathBeanDefinitionScanner   : Identified candidate component class: file [/home/bryan/Documents/github-repos/microservices-with-spring-cloud-and-webflux/01-WebFlux/target/classes/com/example/webflux/infrastructure/listings/repository/R2dbcListingRepositoryAdapter.class]
2026-02-06T19:02:51.788-05:00 DEBUG 21219 --- [01-WebFlux] [           main] o.s.c.a.ClassPathBeanDefinitionScanner   : Identified candidate component class: file [/home/bryan/Documents/github-repos/microservices-with-spring-cloud-and-webflux/01-WebFlux/target/classes/com/example/webflux/infrastructure/orders/controller/OrderController.class]
2026-02-06T19:02:51.789-05:00 DEBUG 21219 --- [01-WebFlux] [           main] o.s.c.a.ClassPathBeanDefinitionScanner   : Identified candidate component class: file [/home/bryan/Documents/github-repos/microservices-with-spring-cloud-and-webflux/01-WebFlux/target/classes/com/example/webflux/infrastructure/orders/repository/R2dbcOrderRepositoryAdapter.class]
2026-02-06T19:02:51.789-05:00 DEBUG 21219 --- [01-WebFlux] [           main] o.s.c.a.ClassPathBeanDefinitionScanner   : Identified candidate component class: file [/home/bryan/Documents/github-repos/microservices-with-spring-cloud-and-webflux/01-WebFlux/target/classes/com/example/webflux/infrastructure/products/controller/ProductController.class]
2026-02-06T19:02:51.790-05:00 DEBUG 21219 --- [01-WebFlux] [           main] o.s.c.a.ClassPathBeanDefinitionScanner   : Identified candidate component class: file [/home/bryan/Documents/github-repos/microservices-with-spring-cloud-and-webflux/01-WebFlux/target/classes/com/example/webflux/infrastructure/products/repository/R2dbcProductRepositoryAdapter.class]
2026-02-06T19:02:51.791-05:00 DEBUG 21219 --- [01-WebFlux] [           main] o.s.c.a.ClassPathBeanDefinitionScanner   : Identified candidate component class: file [/home/bryan/Documents/github-repos/microservices-with-spring-cloud-and-webflux/01-WebFlux/target/classes/com/example/webflux/infrastructure/refreshToken/repository/R2dbcRefreshTokenRepositoryAdapter.class]
2026-02-06T19:02:51.793-05:00 DEBUG 21219 --- [01-WebFlux] [           main] o.s.c.a.ClassPathBeanDefinitionScanner   : Identified candidate component class: file [/home/bryan/Documents/github-repos/microservices-with-spring-cloud-and-webflux/01-WebFlux/target/classes/com/example/webflux/infrastructure/security/BearerTokenServerAuthenticationConverter.class]
2026-02-06T19:02:51.794-05:00 DEBUG 21219 --- [01-WebFlux] [           main] o.s.c.a.ClassPathBeanDefinitionScanner   : Identified candidate component class: file [/home/bryan/Documents/github-repos/microservices-with-spring-cloud-and-webflux/01-WebFlux/target/classes/com/example/webflux/infrastructure/security/CustomReactiveUserDetailsService.class]
2026-02-06T19:02:51.798-05:00 DEBUG 21219 --- [01-WebFlux] [           main] o.s.c.a.ClassPathBeanDefinitionScanner   : Identified candidate component class: file [/home/bryan/Documents/github-repos/microservices-with-spring-cloud-and-webflux/01-WebFlux/target/classes/com/example/webflux/infrastructure/security/config/KeyConfig.class]
2026-02-06T19:02:51.801-05:00 DEBUG 21219 --- [01-WebFlux] [           main] o.s.c.a.ClassPathBeanDefinitionScanner   : Identified candidate component class: file [/home/bryan/Documents/github-repos/microservices-with-spring-cloud-and-webflux/01-WebFlux/target/classes/com/example/webflux/infrastructure/security/config/SecurityConfig.class]
2026-02-06T19:02:51.802-05:00 DEBUG 21219 --- [01-WebFlux] [           main] o.s.c.a.ClassPathBeanDefinitionScanner   : Identified candidate component class: file [/home/bryan/Documents/github-repos/microservices-with-spring-cloud-and-webflux/01-WebFlux/target/classes/com/example/webflux/infrastructure/security/jwt/JwtService.class]
2026-02-06T19:02:52.290-05:00  INFO 21219 --- [01-WebFlux] [           main] .s.d.r.c.RepositoryConfigurationDelegate : Bootstrapping Spring Data R2DBC repositories in DEFAULT mode.
2026-02-06T19:02:52.295-05:00 DEBUG 21219 --- [01-WebFlux] [           main] o.s.b.f.s.DefaultListableBeanFactory     : Creating shared instance of singleton bean 'org.springframework.boot.autoconfigure.AutoConfigurationPackages'
2026-02-06T19:02:52.302-05:00 DEBUG 21219 --- [01-WebFlux] [           main] o.s.b.a.AutoConfigurationPackages        : @EnableAutoConfiguration was declared on a class in the package 'com.example.webflux'. Automatic @Repository and @Entity scanning is enabled.
2026-02-06T19:02:52.303-05:00 DEBUG 21219 --- [01-WebFlux] [           main] .s.d.r.c.RepositoryConfigurationDelegate : Scanning for R2DBC repositories in packages com.example.webflux.
2026-02-06T19:02:52.324-05:00 DEBUG 21219 --- [01-WebFlux] [           main] o.s.d.r.c.RepositoryComponentProvider    : Identified candidate component class: file [/home/bryan/Documents/github-repos/microservices-with-spring-cloud-and-webflux/01-WebFlux/target/classes/com/example/webflux/infrastructure/auth/repository/postgres/R2dbcPostgresUserRepository.class]
2026-02-06T19:02:52.324-05:00 DEBUG 21219 --- [01-WebFlux] [           main] o.s.d.r.c.RepositoryComponentProvider    : Identified candidate component class: file [/home/bryan/Documents/github-repos/microservices-with-spring-cloud-and-webflux/01-WebFlux/target/classes/com/example/webflux/infrastructure/auth/repository/postgres/R2dbcPostgresUserRolRepository.class]
2026-02-06T19:02:52.325-05:00 DEBUG 21219 --- [01-WebFlux] [           main] o.s.d.r.c.RepositoryComponentProvider    : Identified candidate component class: file [/home/bryan/Documents/github-repos/microservices-with-spring-cloud-and-webflux/01-WebFlux/target/classes/com/example/webflux/infrastructure/listings/repository/postgres/R2dbcPostgresListingRepository.class]
2026-02-06T19:02:52.325-05:00 DEBUG 21219 --- [01-WebFlux] [           main] o.s.d.r.c.RepositoryComponentProvider    : Identified candidate component class: file [/home/bryan/Documents/github-repos/microservices-with-spring-cloud-and-webflux/01-WebFlux/target/classes/com/example/webflux/infrastructure/orders/repository/postgres/R2dbcPostgresOrderRepository.class]
2026-02-06T19:02:52.326-05:00 DEBUG 21219 --- [01-WebFlux] [           main] o.s.d.r.c.RepositoryComponentProvider    : Identified candidate component class: file [/home/bryan/Documents/github-repos/microservices-with-spring-cloud-and-webflux/01-WebFlux/target/classes/com/example/webflux/infrastructure/products/repository/postgres/R2dbcPostgresProductRepository.class]
2026-02-06T19:02:52.326-05:00 DEBUG 21219 --- [01-WebFlux] [           main] o.s.d.r.c.RepositoryComponentProvider    : Identified candidate component class: file [/home/bryan/Documents/github-repos/microservices-with-spring-cloud-and-webflux/01-WebFlux/target/classes/com/example/webflux/infrastructure/refreshToken/repository/postgres/R2dbcPostgresRefreshTokenRepository.class]
2026-02-06T19:02:52.446-05:00  INFO 21219 --- [01-WebFlux] [           main] .s.d.r.c.RepositoryConfigurationDelegate : Finished Spring Data repository scanning in 141 ms. Found 6 R2DBC repository interfaces.
2026-02-06T19:02:52.627-05:00 DEBUG 21219 --- [01-WebFlux] [           main] o.s.b.f.s.DefaultListableBeanFactory     : Creating shared instance of singleton bean 'propertySourcesPlaceholderConfigurer'
2026-02-06T19:02:52.632-05:00 DEBUG 21219 --- [01-WebFlux] [           main] o.s.b.f.s.DefaultListableBeanFactory     : Creating shared instance of singleton bean 'org.springframework.boot.sql.init.dependency.DatabaseInitializationDependencyConfigurer$DependsOnDatabaseInitializationPostProcessor'
2026-02-06T19:02:52.659-05:00 DEBUG 21219 --- [01-WebFlux] [           main] o.s.b.f.s.DefaultListableBeanFactory     : Creating shared instance of singleton bean 'org.springframework.context.event.internalEventListenerProcessor'
2026-02-06T19:02:52.660-05:00 DEBUG 21219 --- [01-WebFlux] [           main] o.s.b.f.s.DefaultListableBeanFactory     : Creating shared instance of singleton bean 'forceAutoProxyCreatorToUseClassProxying'
2026-02-06T19:02:52.661-05:00 DEBUG 21219 --- [01-WebFlux] [           main] o.s.b.f.s.DefaultListableBeanFactory     : Creating shared instance of singleton bean 'conversionServicePostProcessor'
2026-02-06T19:02:52.697-05:00 DEBUG 21219 --- [01-WebFlux] [           main] o.s.b.f.s.DefaultListableBeanFactory     : Creating shared instance of singleton bean 'bootstrapExecutorAliasPostProcessor'
2026-02-06T19:02:52.699-05:00 DEBUG 21219 --- [01-WebFlux] [           main] o.s.b.f.s.DefaultListableBeanFactory     : Creating shared instance of singleton bean 'org.springframework.context.event.internalEventListenerFactory'
2026-02-06T19:02:52.700-05:00 DEBUG 21219 --- [01-WebFlux] [           main] o.s.b.f.s.DefaultListableBeanFactory     : Creating shared instance of singleton bean 'org.springframework.transaction.config.internalTransactionalEventListenerFactory'
2026-02-06T19:02:52.702-05:00 DEBUG 21219 --- [01-WebFlux] [           main] o.s.b.f.s.DefaultListableBeanFactory     : Creating shared instance of singleton bean 'org.springframework.context.annotation.internalAutowiredAnnotationProcessor'
2026-02-06T19:02:52.704-05:00 DEBUG 21219 --- [01-WebFlux] [           main] o.s.b.f.s.DefaultListableBeanFactory     : Creating shared instance of singleton bean 'org.springframework.context.annotation.internalCommonAnnotationProcessor'
2026-02-06T19:02:52.707-05:00 DEBUG 21219 --- [01-WebFlux] [           main] o.s.b.f.s.DefaultListableBeanFactory     : Creating shared instance of singleton bean 'org.springframework.boot.context.properties.ConfigurationPropertiesBindingPostProcessor'
2026-02-06T19:02:52.708-05:00 DEBUG 21219 --- [01-WebFlux] [           main] o.s.b.f.s.DefaultListableBeanFactory     : Creating shared instance of singleton bean 'org.springframework.boot.context.internalConfigurationPropertiesBinder'
2026-02-06T19:02:52.710-05:00 DEBUG 21219 --- [01-WebFlux] [           main] o.s.b.f.s.DefaultListableBeanFactory     : Creating shared instance of singleton bean 'org.springframework.aop.config.internalAutoProxyCreator'
2026-02-06T19:02:52.721-05:00 DEBUG 21219 --- [01-WebFlux] [           main] o.s.b.f.s.DefaultListableBeanFactory     : Creating shared instance of singleton bean 'methodValidationPostProcessor'
2026-02-06T19:02:52.725-05:00 DEBUG 21219 --- [01-WebFlux] [           main] o.s.b.f.s.DefaultListableBeanFactory     : Autowiring by type from bean name 'methodValidationPostProcessor' via factory method to bean named 'environment'
2026-02-06T19:02:52.735-05:00 DEBUG 21219 --- [01-WebFlux] [           main] o.s.b.f.s.DefaultListableBeanFactory     : Creating shared instance of singleton bean 'org.springframework.boot.context.properties.EnableConfigurationPropertiesRegistrar.methodValidationExcludeFilter'
2026-02-06T19:02:52.747-05:00 DEBUG 21219 --- [01-WebFlux] [           main] o.s.b.f.s.DefaultListableBeanFactory     : Creating shared instance of singleton bean 'persistenceExceptionTranslationPostProcessor'
2026-02-06T19:02:52.747-05:00 DEBUG 21219 --- [01-WebFlux] [           main] o.s.b.f.s.DefaultListableBeanFactory     : Autowiring by type from bean name 'persistenceExceptionTranslationPostProcessor' via factory method to bean named 'environment'
2026-02-06T19:02:52.749-05:00 DEBUG 21219 --- [01-WebFlux] [           main] o.s.b.f.s.DefaultListableBeanFactory     : Creating shared instance of singleton bean 'webServerFactoryCustomizerBeanPostProcessor'
2026-02-06T19:02:52.751-05:00 DEBUG 21219 --- [01-WebFlux] [           main] o.s.b.f.s.DefaultListableBeanFactory     : Creating shared instance of singleton bean 'nettyReactiveWebServerFactory'
2026-02-06T19:02:52.751-05:00 DEBUG 21219 --- [01-WebFlux] [           main] o.s.b.f.s.DefaultListableBeanFactory     : Creating shared instance of singleton bean 'org.springframework.boot.autoconfigure.web.reactive.ReactiveWebServerFactoryConfiguration$EmbeddedNetty'
2026-02-06T19:02:52.752-05:00 DEBUG 21219 --- [01-WebFlux] [           main] o.s.b.f.s.DefaultListableBeanFactory     : Creating shared instance of singleton bean 'preFilterAuthorizationAdvisor'
2026-02-06T19:02:52.752-05:00 DEBUG 21219 --- [01-WebFlux] [           main] o.s.b.f.s.DefaultListableBeanFactory     : Creating shared instance of singleton bean 'preFilterAuthorizationMethodInterceptor'
2026-02-06T19:02:52.768-05:00 DEBUG 21219 --- [01-WebFlux] [           main] o.s.b.f.s.DefaultListableBeanFactory     : Creating shared instance of singleton bean 'preAuthorizeAuthorizationAdvisor'
2026-02-06T19:02:52.768-05:00 DEBUG 21219 --- [01-WebFlux] [           main] o.s.b.f.s.DefaultListableBeanFactory     : Creating shared instance of singleton bean 'preAuthorizeAuthorizationMethodInterceptor'
2026-02-06T19:02:52.769-05:00 DEBUG 21219 --- [01-WebFlux] [           main] o.s.b.f.s.DefaultListableBeanFactory     : Creating shared instance of singleton bean 'postFilterAuthorizationAdvisor'
2026-02-06T19:02:52.770-05:00 DEBUG 21219 --- [01-WebFlux] [           main] o.s.b.f.s.DefaultListableBeanFactory     : Creating shared instance of singleton bean 'postFilterAuthorizationMethodInterceptor'
2026-02-06T19:02:52.770-05:00 DEBUG 21219 --- [01-WebFlux] [           main] o.s.b.f.s.DefaultListableBeanFactory     : Creating shared instance of singleton bean 'postAuthorizeAuthorizationAdvisor'
2026-02-06T19:02:52.771-05:00 DEBUG 21219 --- [01-WebFlux] [           main] o.s.b.f.s.DefaultListableBeanFactory     : Creating shared instance of singleton bean 'postAuthorizeAuthorizationMethodInterceptor'
2026-02-06T19:02:52.772-05:00 DEBUG 21219 --- [01-WebFlux] [           main] o.s.b.f.s.DefaultListableBeanFactory     : Creating shared instance of singleton bean 'authorizeReturnObjectAdvisor'
2026-02-06T19:02:52.772-05:00 DEBUG 21219 --- [01-WebFlux] [           main] o.s.b.f.s.DefaultListableBeanFactory     : Creating shared instance of singleton bean 'authorizeReturnObjectMethodInterceptor'
2026-02-06T19:02:52.775-05:00 DEBUG 21219 --- [01-WebFlux] [           main] o.s.b.f.s.DefaultListableBeanFactory     : Creating shared instance of singleton bean 'org.springframework.transaction.config.internalTransactionAdvisor'
2026-02-06T19:02:52.775-05:00 DEBUG 21219 --- [01-WebFlux] [           main] o.s.b.f.s.DefaultListableBeanFactory     : Creating shared instance of singleton bean 'org.springframework.transaction.annotation.ProxyTransactionManagementConfiguration'
2026-02-06T19:02:52.782-05:00 DEBUG 21219 --- [01-WebFlux] [           main] o.s.b.f.s.DefaultListableBeanFactory     : Creating shared instance of singleton bean 'transactionAttributeSource'
2026-02-06T19:02:52.787-05:00 DEBUG 21219 --- [01-WebFlux] [           main] o.s.b.f.s.DefaultListableBeanFactory     : Creating shared instance of singleton bean 'transactionInterceptor'
2026-02-06T19:02:52.788-05:00 DEBUG 21219 --- [01-WebFlux] [           main] o.s.b.f.s.DefaultListableBeanFactory     : Autowiring by type from bean name 'transactionInterceptor' via factory method to bean named 'transactionAttributeSource'
2026-02-06T19:02:52.792-05:00 DEBUG 21219 --- [01-WebFlux] [           main] o.s.b.f.s.DefaultListableBeanFactory     : Autowiring by type from bean name 'org.springframework.transaction.config.internalTransactionAdvisor' via factory method to bean named 'transactionAttributeSource'
2026-02-06T19:02:52.792-05:00 DEBUG 21219 --- [01-WebFlux] [           main] o.s.b.f.s.DefaultListableBeanFactory     : Autowiring by type from bean name 'org.springframework.transaction.config.internalTransactionAdvisor' via factory method to bean named 'transactionInterceptor'
2026-02-06T19:02:52.796-05:00 DEBUG 21219 --- [01-WebFlux] [           main] o.s.b.f.s.DefaultListableBeanFactory     : Creating shared instance of singleton bean 'reactorResourceFactory'
2026-02-06T19:02:52.796-05:00 DEBUG 21219 --- [01-WebFlux] [           main] o.s.b.f.s.DefaultListableBeanFactory     : Creating shared instance of singleton bean 'org.springframework.boot.autoconfigure.reactor.netty.ReactorNettyConfigurations$ReactorResourceFactoryConfiguration'
2026-02-06T19:02:52.797-05:00 DEBUG 21219 --- [01-WebFlux] [           main] o.s.b.f.s.DefaultListableBeanFactory     : Creating shared instance of singleton bean 'spring.reactor.netty-org.springframework.boot.autoconfigure.reactor.netty.ReactorNettyProperties'
2026-02-06T19:02:52.798-05:00 DEBUG 21219 --- [01-WebFlux] [           main] o.s.b.f.s.DefaultListableBeanFactory     : Creating shared instance of singleton bean 'org.springframework.boot.context.properties.BoundConfigurationProperties'
2026-02-06T19:02:52.806-05:00 DEBUG 21219 --- [01-WebFlux] [           main] o.s.b.f.s.DefaultListableBeanFactory     : Autowiring by type from bean name 'reactorResourceFactory' via factory method to bean named 'spring.reactor.netty-org.springframework.boot.autoconfigure.reactor.netty.ReactorNettyProperties'
2026-02-06T19:02:52.809-05:00 DEBUG 21219 --- [01-WebFlux] [           main] o.s.b.f.s.DefaultListableBeanFactory     : Autowiring by type from bean name 'nettyReactiveWebServerFactory' via factory method to bean named 'reactorResourceFactory'
2026-02-06T19:02:52.815-05:00 DEBUG 21219 --- [01-WebFlux] [           main] o.s.b.f.s.DefaultListableBeanFactory     : Creating shared instance of singleton bean 'reactiveWebServerFactoryCustomizer'
2026-02-06T19:02:52.815-05:00 DEBUG 21219 --- [01-WebFlux] [           main] o.s.b.f.s.DefaultListableBeanFactory     : Creating shared instance of singleton bean 'org.springframework.boot.autoconfigure.web.reactive.ReactiveWebServerFactoryAutoConfiguration'
2026-02-06T19:02:52.817-05:00 DEBUG 21219 --- [01-WebFlux] [           main] o.s.b.f.s.DefaultListableBeanFactory     : Creating shared instance of singleton bean 'server-org.springframework.boot.autoconfigure.web.ServerProperties'
2026-02-06T19:02:52.828-05:00 DEBUG 21219 --- [01-WebFlux] [           main] o.s.b.f.s.DefaultListableBeanFactory     : Autowiring by type from bean name 'reactiveWebServerFactoryCustomizer' via factory method to bean named 'server-org.springframework.boot.autoconfigure.web.ServerProperties'
2026-02-06T19:02:52.829-05:00 DEBUG 21219 --- [01-WebFlux] [           main] o.s.b.f.s.DefaultListableBeanFactory     : Creating shared instance of singleton bean 'sslBundleRegistry'
2026-02-06T19:02:52.829-05:00 DEBUG 21219 --- [01-WebFlux] [           main] o.s.b.f.s.DefaultListableBeanFactory     : Creating shared instance of singleton bean 'org.springframework.boot.autoconfigure.ssl.SslAutoConfiguration'
2026-02-06T19:02:52.830-05:00 DEBUG 21219 --- [01-WebFlux] [           main] o.s.b.f.s.DefaultListableBeanFactory     : Creating shared instance of singleton bean 'spring.ssl-org.springframework.boot.autoconfigure.ssl.SslProperties'
2026-02-06T19:02:52.831-05:00 DEBUG 21219 --- [01-WebFlux] [           main] o.s.b.f.s.DefaultListableBeanFactory     : Autowiring by type from bean name 'org.springframework.boot.autoconfigure.ssl.SslAutoConfiguration' via constructor to bean named 'org.springframework.boot.web.reactive.context.AnnotationConfigReactiveWebServerApplicationContext@22f31dec'
2026-02-06T19:02:52.831-05:00 DEBUG 21219 --- [01-WebFlux] [           main] o.s.b.f.s.DefaultListableBeanFactory     : Autowiring by type from bean name 'org.springframework.boot.autoconfigure.ssl.SslAutoConfiguration' via constructor to bean named 'spring.ssl-org.springframework.boot.autoconfigure.ssl.SslProperties'
2026-02-06T19:02:52.834-05:00 DEBUG 21219 --- [01-WebFlux] [           main] o.s.b.f.s.DefaultListableBeanFactory     : Creating shared instance of singleton bean 'sslPropertiesSslBundleRegistrar'
2026-02-06T19:02:52.834-05:00 DEBUG 21219 --- [01-WebFlux] [           main] o.s.b.f.s.DefaultListableBeanFactory     : Creating shared instance of singleton bean 'fileWatcher'
2026-02-06T19:02:52.835-05:00 DEBUG 21219 --- [01-WebFlux] [           main] o.s.b.f.s.DefaultListableBeanFactory     : Autowiring by type from bean name 'sslPropertiesSslBundleRegistrar' via factory method to bean named 'fileWatcher'
2026-02-06T19:02:52.842-05:00 DEBUG 21219 --- [01-WebFlux] [           main] o.s.b.f.s.DefaultListableBeanFactory     : Creating shared instance of singleton bean 'nettyWebServerFactoryCustomizer'
2026-02-06T19:02:52.842-05:00 DEBUG 21219 --- [01-WebFlux] [           main] o.s.b.f.s.DefaultListableBeanFactory     : Creating shared instance of singleton bean 'org.springframework.boot.autoconfigure.web.embedded.EmbeddedWebServerFactoryCustomizerAutoConfiguration$NettyWebServerFactoryCustomizerConfiguration'
2026-02-06T19:02:52.843-05:00 DEBUG 21219 --- [01-WebFlux] [           main] o.s.b.f.s.DefaultListableBeanFactory     : Autowiring by type from bean name 'nettyWebServerFactoryCustomizer' via factory method to bean named 'environment'
2026-02-06T19:02:52.843-05:00 DEBUG 21219 --- [01-WebFlux] [           main] o.s.b.f.s.DefaultListableBeanFactory     : Autowiring by type from bean name 'nettyWebServerFactoryCustomizer' via factory method to bean named 'server-org.springframework.boot.autoconfigure.web.ServerProperties'
2026-02-06T19:02:52.968-05:00 DEBUG 21219 --- [01-WebFlux] [           main] o.s.b.f.s.DefaultListableBeanFactory     : Creating shared instance of singleton bean 'applicationTaskExecutor'
2026-02-06T19:02:52.969-05:00 DEBUG 21219 --- [01-WebFlux] [           main] o.s.b.f.s.DefaultListableBeanFactory     : Creating shared instance of singleton bean 'org.springframework.boot.autoconfigure.task.TaskExecutorConfigurations$TaskExecutorConfiguration'
2026-02-06T19:02:52.970-05:00 DEBUG 21219 --- [01-WebFlux] [           main] o.s.b.f.s.DefaultListableBeanFactory     : Creating shared instance of singleton bean 'threadPoolTaskExecutorBuilder'
2026-02-06T19:02:52.971-05:00 DEBUG 21219 --- [01-WebFlux] [           main] o.s.b.f.s.DefaultListableBeanFactory     : Creating shared instance of singleton bean 'org.springframework.boot.autoconfigure.task.TaskExecutorConfigurations$ThreadPoolTaskExecutorBuilderConfiguration'
2026-02-06T19:02:52.973-05:00 DEBUG 21219 --- [01-WebFlux] [           main] o.s.b.f.s.DefaultListableBeanFactory     : Creating shared instance of singleton bean 'spring.task.execution-org.springframework.boot.autoconfigure.task.TaskExecutionProperties'
2026-02-06T19:02:52.975-05:00 DEBUG 21219 --- [01-WebFlux] [           main] o.s.b.f.s.DefaultListableBeanFactory     : Autowiring by type from bean name 'threadPoolTaskExecutorBuilder' via factory method to bean named 'spring.task.execution-org.springframework.boot.autoconfigure.task.TaskExecutionProperties'
2026-02-06T19:02:52.978-05:00 DEBUG 21219 --- [01-WebFlux] [           main] o.s.b.f.s.DefaultListableBeanFactory     : Autowiring by type from bean name 'applicationTaskExecutor' via factory method to bean named 'threadPoolTaskExecutorBuilder'
2026-02-06T19:02:52.984-05:00 DEBUG 21219 --- [01-WebFlux] [           main] o.s.s.concurrent.ThreadPoolTaskExecutor  : Initializing ExecutorService 'applicationTaskExecutor'
2026-02-06T19:02:52.997-05:00 DEBUG 21219 --- [01-WebFlux] [           main] o.s.b.f.s.DefaultListableBeanFactory     : Creating shared instance of singleton bean 'application'
2026-02-06T19:02:52.998-05:00 DEBUG 21219 --- [01-WebFlux] [           main] o.s.b.f.s.DefaultListableBeanFactory     : Creating shared instance of singleton bean 'authUseCaseImp'
2026-02-06T19:02:53.000-05:00 DEBUG 21219 --- [01-WebFlux] [           main] o.s.b.f.s.DefaultListableBeanFactory     : Creating shared instance of singleton bean 'passwordEncoder'
2026-02-06T19:02:53.000-05:00 DEBUG 21219 --- [01-WebFlux] [           main] o.s.b.f.s.DefaultListableBeanFactory     : Creating shared instance of singleton bean 'securityConfig'
2026-02-06T19:02:53.000-05:00 DEBUG 21219 --- [01-WebFlux] [           main] o.s.b.f.s.DefaultListableBeanFactory     : Creating shared instance of singleton bean 'jwtService'
2026-02-06T19:02:53.002-05:00 DEBUG 21219 --- [01-WebFlux] [           main] o.s.b.f.s.DefaultListableBeanFactory     : Creating shared instance of singleton bean 'keyPair'
2026-02-06T19:02:53.002-05:00 DEBUG 21219 --- [01-WebFlux] [           main] o.s.b.f.s.DefaultListableBeanFactory     : Creating shared instance of singleton bean 'keyConfig'
2026-02-06T19:02:54.299-05:00 DEBUG 21219 --- [01-WebFlux] [           main] o.s.b.f.s.DefaultListableBeanFactory     : Autowiring by type from bean name 'jwtService' via constructor to bean named 'keyPair'
2026-02-06T19:02:54.300-05:00 DEBUG 21219 --- [01-WebFlux] [           main] o.s.b.f.s.DefaultListableBeanFactory     : Autowiring by type from bean name 'securityConfig' via constructor to bean named 'jwtService'
2026-02-06T19:02:54.303-05:00 DEBUG 21219 --- [01-WebFlux] [           main] o.s.b.f.s.DefaultListableBeanFactory     : Creating shared instance of singleton bean 'r2dbcUserRepositoryAdapter'
2026-02-06T19:02:54.303-05:00 DEBUG 21219 --- [01-WebFlux] [           main] o.s.b.f.s.DefaultListableBeanFactory     : Creating shared instance of singleton bean 'r2dbcPostgresUserRepository'
2026-02-06T19:02:54.305-05:00 DEBUG 21219 --- [01-WebFlux] [           main] o.s.b.f.s.DefaultListableBeanFactory     : Creating shared instance of singleton bean 'r2dbc.named-queries#3'
2026-02-06T19:02:54.308-05:00 DEBUG 21219 --- [01-WebFlux] [           main] o.s.b.f.s.DefaultListableBeanFactory     : Creating shared instance of singleton bean 'r2dbc.R2dbcPostgresUserRepository.fragments#0'
2026-02-06T19:02:54.312-05:00 DEBUG 21219 --- [01-WebFlux] [           main] o.s.b.f.s.DefaultListableBeanFactory     : Creating shared instance of singleton bean 'r2dbcEntityTemplate'
2026-02-06T19:02:54.313-05:00 DEBUG 21219 --- [01-WebFlux] [           main] o.s.b.f.s.DefaultListableBeanFactory     : Creating shared instance of singleton bean 'org.springframework.boot.autoconfigure.data.r2dbc.R2dbcDataAutoConfiguration'
2026-02-06T19:02:54.313-05:00 DEBUG 21219 --- [01-WebFlux] [           main] o.s.b.f.s.DefaultListableBeanFactory     : Creating shared instance of singleton bean 'r2dbcDatabaseClient'
2026-02-06T19:02:54.313-05:00 DEBUG 21219 --- [01-WebFlux] [           main] o.s.b.f.s.DefaultListableBeanFactory     : Creating shared instance of singleton bean 'org.springframework.boot.autoconfigure.r2dbc.ConnectionFactoryDependentConfiguration'
2026-02-06T19:02:54.314-05:00 DEBUG 21219 --- [01-WebFlux] [           main] o.s.b.f.s.DefaultListableBeanFactory     : Creating shared instance of singleton bean 'connectionFactory'
2026-02-06T19:02:54.314-05:00 DEBUG 21219 --- [01-WebFlux] [           main] o.s.b.f.s.DefaultListableBeanFactory     : Creating shared instance of singleton bean 'org.springframework.boot.autoconfigure.r2dbc.ConnectionFactoryConfigurations$PoolConfiguration$PooledConnectionFactoryConfiguration'
2026-02-06T19:02:54.315-05:00 DEBUG 21219 --- [01-WebFlux] [           main] o.s.b.f.s.DefaultListableBeanFactory     : Creating shared instance of singleton bean 'spring.r2dbc-org.springframework.boot.autoconfigure.r2dbc.R2dbcProperties'
2026-02-06T19:02:54.318-05:00 DEBUG 21219 --- [01-WebFlux] [           main] o.s.b.f.s.DefaultListableBeanFactory     : Autowiring by type from bean name 'connectionFactory' via factory method to bean named 'spring.r2dbc-org.springframework.boot.autoconfigure.r2dbc.R2dbcProperties'
2026-02-06T19:02:54.318-05:00 DEBUG 21219 --- [01-WebFlux] [           main] o.s.b.f.s.DefaultListableBeanFactory     : Autowiring by type from bean name 'connectionFactory' via factory method to bean named 'org.springframework.boot.web.reactive.context.AnnotationConfigReactiveWebServerApplicationContext@22f31dec'
2026-02-06T19:02:54.319-05:00 DEBUG 21219 --- [01-WebFlux] [           main] o.s.b.f.s.DefaultListableBeanFactory     : Creating shared instance of singleton bean 'propertiesR2dbcConnectionDetails'
2026-02-06T19:02:54.319-05:00 DEBUG 21219 --- [01-WebFlux] [           main] o.s.b.f.s.DefaultListableBeanFactory     : Creating shared instance of singleton bean 'org.springframework.boot.autoconfigure.r2dbc.R2dbcAutoConfiguration'
2026-02-06T19:02:54.320-05:00 DEBUG 21219 --- [01-WebFlux] [           main] o.s.b.f.s.DefaultListableBeanFactory     : Autowiring by type from bean name 'propertiesR2dbcConnectionDetails' via factory method to bean named 'spring.r2dbc-org.springframework.boot.autoconfigure.r2dbc.R2dbcProperties'
2026-02-06T19:02:54.338-05:00 DEBUG 21219 --- [01-WebFlux] [           main] io.r2dbc.postgresql.Extensions           : Discovering Extensions using ServiceLoader
2026-02-06T19:02:54.339-05:00 DEBUG 21219 --- [01-WebFlux] [           main] io.r2dbc.postgresql.Extensions           : Registering extension io.r2dbc.postgresql.codec.BuiltinDynamicCodecs
2026-02-06T19:02:54.363-05:00 DEBUG 21219 --- [01-WebFlux] [           main] o.s.b.f.s.DefaultListableBeanFactory     : Autowiring by type from bean name 'r2dbcDatabaseClient' via factory method to bean named 'connectionFactory'
2026-02-06T19:02:54.375-05:00 DEBUG 21219 --- [01-WebFlux] [           main] o.s.b.f.s.DefaultListableBeanFactory     : Autowiring by type from bean name 'org.springframework.boot.autoconfigure.data.r2dbc.R2dbcDataAutoConfiguration' via constructor to bean named 'r2dbcDatabaseClient'
2026-02-06T19:02:54.388-05:00 DEBUG 21219 --- [01-WebFlux] [           main] o.s.b.f.s.DefaultListableBeanFactory     : Creating shared instance of singleton bean 'r2dbcConverter'
2026-02-06T19:02:54.388-05:00 DEBUG 21219 --- [01-WebFlux] [           main] o.s.b.f.s.DefaultListableBeanFactory     : Creating shared instance of singleton bean 'r2dbcMappingContext'
2026-02-06T19:02:54.388-05:00 DEBUG 21219 --- [01-WebFlux] [           main] o.s.b.f.s.DefaultListableBeanFactory     : Creating shared instance of singleton bean 'r2dbcCustomConversions'
2026-02-06T19:02:54.408-05:00 DEBUG 21219 --- [01-WebFlux] [           main] o.s.data.convert.CustomConversions       : Adding converter from class io.r2dbc.postgresql.codec.Point to class org.springframework.data.geo.Point as reading converter
2026-02-06T19:02:54.408-05:00 DEBUG 21219 --- [01-WebFlux] [           main] o.s.data.convert.CustomConversions       : Adding converter from class org.springframework.data.geo.Point to class io.r2dbc.postgresql.codec.Point as writing converter
2026-02-06T19:02:54.408-05:00 DEBUG 21219 --- [01-WebFlux] [           main] o.s.data.convert.CustomConversions       : Adding converter from class io.r2dbc.postgresql.codec.Circle to class org.springframework.data.geo.Circle as reading converter
2026-02-06T19:02:54.408-05:00 DEBUG 21219 --- [01-WebFlux] [           main] o.s.data.convert.CustomConversions       : Adding converter from class org.springframework.data.geo.Circle to class io.r2dbc.postgresql.codec.Circle as writing converter
2026-02-06T19:02:54.408-05:00 DEBUG 21219 --- [01-WebFlux] [           main] o.s.data.convert.CustomConversions       : Adding converter from class io.r2dbc.postgresql.codec.Box to class org.springframework.data.geo.Box as reading converter
2026-02-06T19:02:54.408-05:00 DEBUG 21219 --- [01-WebFlux] [           main] o.s.data.convert.CustomConversions       : Adding converter from class org.springframework.data.geo.Box to class io.r2dbc.postgresql.codec.Box as writing converter
2026-02-06T19:02:54.408-05:00 DEBUG 21219 --- [01-WebFlux] [           main] o.s.data.convert.CustomConversions       : Adding converter from class io.r2dbc.postgresql.codec.Polygon to class org.springframework.data.geo.Polygon as reading converter
2026-02-06T19:02:54.409-05:00 DEBUG 21219 --- [01-WebFlux] [           main] o.s.data.convert.CustomConversions       : Adding converter from class org.springframework.data.geo.Polygon to class io.r2dbc.postgresql.codec.Polygon as writing converter
2026-02-06T19:02:54.409-05:00 DEBUG 21219 --- [01-WebFlux] [           main] o.s.data.convert.CustomConversions       : Adding converter from class io.r2dbc.postgresql.codec.Json to class [B as reading converter
2026-02-06T19:02:54.409-05:00 DEBUG 21219 --- [01-WebFlux] [           main] o.s.data.convert.CustomConversions       : Adding converter from class io.r2dbc.postgresql.codec.Json to class java.lang.String as reading converter
2026-02-06T19:02:54.409-05:00 DEBUG 21219 --- [01-WebFlux] [           main] o.s.data.convert.CustomConversions       : Adding converter from interface io.r2dbc.spi.Row to class java.lang.Boolean as reading converter
2026-02-06T19:02:54.409-05:00 DEBUG 21219 --- [01-WebFlux] [           main] o.s.data.convert.CustomConversions       : Adding converter from interface io.r2dbc.spi.Row to class java.lang.Number as reading converter
2026-02-06T19:02:54.409-05:00 DEBUG 21219 --- [01-WebFlux] [           main] o.s.data.convert.CustomConversions       : Adding converter from interface io.r2dbc.spi.Row to class java.time.LocalDate as reading converter
2026-02-06T19:02:54.409-05:00 DEBUG 21219 --- [01-WebFlux] [           main] o.s.data.convert.CustomConversions       : Adding converter from interface io.r2dbc.spi.Row to class java.time.LocalDateTime as reading converter
2026-02-06T19:02:54.409-05:00 DEBUG 21219 --- [01-WebFlux] [           main] o.s.data.convert.CustomConversions       : Adding converter from interface io.r2dbc.spi.Row to class java.time.LocalTime as reading converter
2026-02-06T19:02:54.409-05:00 DEBUG 21219 --- [01-WebFlux] [           main] o.s.data.convert.CustomConversions       : Adding converter from interface io.r2dbc.spi.Row to class java.time.OffsetDateTime as reading converter
2026-02-06T19:02:54.409-05:00 DEBUG 21219 --- [01-WebFlux] [           main] o.s.data.convert.CustomConversions       : Adding converter from interface io.r2dbc.spi.Row to class java.lang.String as reading converter
2026-02-06T19:02:54.409-05:00 DEBUG 21219 --- [01-WebFlux] [           main] o.s.data.convert.CustomConversions       : Adding converter from interface io.r2dbc.spi.Row to class java.util.UUID as reading converter
2026-02-06T19:02:54.409-05:00 DEBUG 21219 --- [01-WebFlux] [           main] o.s.data.convert.CustomConversions       : Adding converter from interface io.r2dbc.spi.Row to class java.time.ZonedDateTime as reading converter
2026-02-06T19:02:54.409-05:00 DEBUG 21219 --- [01-WebFlux] [           main] o.s.data.convert.CustomConversions       : Adding converter from class java.util.Date to class java.time.LocalDateTime as reading converter
2026-02-06T19:02:54.409-05:00 DEBUG 21219 --- [01-WebFlux] [           main] o.s.data.convert.CustomConversions       : Adding converter from class java.time.LocalDateTime to class java.util.Date as writing converter
2026-02-06T19:02:54.410-05:00 DEBUG 21219 --- [01-WebFlux] [           main] o.s.data.convert.CustomConversions       : Adding converter from class java.util.Date to class java.time.LocalDate as reading converter
2026-02-06T19:02:54.410-05:00 DEBUG 21219 --- [01-WebFlux] [           main] o.s.data.convert.CustomConversions       : Adding converter from class java.time.LocalDate to class java.util.Date as writing converter
2026-02-06T19:02:54.410-05:00 DEBUG 21219 --- [01-WebFlux] [           main] o.s.data.convert.CustomConversions       : Adding converter from class java.util.Date to class java.time.LocalTime as reading converter
2026-02-06T19:02:54.410-05:00 DEBUG 21219 --- [01-WebFlux] [           main] o.s.data.convert.CustomConversions       : Adding converter from class java.time.LocalTime to class java.util.Date as writing converter
2026-02-06T19:02:54.410-05:00 DEBUG 21219 --- [01-WebFlux] [           main] o.s.data.convert.CustomConversions       : Adding converter from class java.util.Date to class java.time.Instant as reading converter
2026-02-06T19:02:54.410-05:00 DEBUG 21219 --- [01-WebFlux] [           main] o.s.data.convert.CustomConversions       : Adding converter from class java.time.Instant to class java.util.Date as writing converter
2026-02-06T19:02:54.410-05:00 DEBUG 21219 --- [01-WebFlux] [           main] o.s.data.convert.CustomConversions       : Adding converter from class java.time.LocalDateTime to class java.time.Instant as reading converter
2026-02-06T19:02:54.410-05:00 DEBUG 21219 --- [01-WebFlux] [           main] o.s.data.convert.CustomConversions       : Adding converter from class java.time.Instant to class java.time.LocalDateTime as reading converter
2026-02-06T19:02:54.410-05:00 DEBUG 21219 --- [01-WebFlux] [           main] o.s.data.convert.CustomConversions       : Adding converter from class java.time.ZoneId to class java.lang.String as writing converter
2026-02-06T19:02:54.410-05:00 DEBUG 21219 --- [01-WebFlux] [           main] o.s.data.convert.CustomConversions       : Adding converter from class java.lang.String to class java.time.ZoneId as reading converter
2026-02-06T19:02:54.410-05:00 DEBUG 21219 --- [01-WebFlux] [           main] o.s.data.convert.CustomConversions       : Adding converter from class java.time.Duration to class java.lang.String as writing converter
2026-02-06T19:02:54.410-05:00 DEBUG 21219 --- [01-WebFlux] [           main] o.s.data.convert.CustomConversions       : Adding converter from class java.lang.String to class java.time.Duration as reading converter
2026-02-06T19:02:54.410-05:00 DEBUG 21219 --- [01-WebFlux] [           main] o.s.data.convert.CustomConversions       : Adding converter from class java.time.Period to class java.lang.String as writing converter
2026-02-06T19:02:54.410-05:00 DEBUG 21219 --- [01-WebFlux] [           main] o.s.data.convert.CustomConversions       : Adding converter from class java.lang.String to class java.time.Period as reading converter
2026-02-06T19:02:54.410-05:00 DEBUG 21219 --- [01-WebFlux] [           main] o.s.data.convert.CustomConversions       : Adding converter from class java.lang.String to class java.time.LocalDate as reading converter
2026-02-06T19:02:54.410-05:00 DEBUG 21219 --- [01-WebFlux] [           main] o.s.data.convert.CustomConversions       : Adding converter from class java.lang.String to class java.time.LocalDateTime as reading converter
2026-02-06T19:02:54.410-05:00 DEBUG 21219 --- [01-WebFlux] [           main] o.s.data.convert.CustomConversions       : Adding converter from class java.lang.String to class java.time.Instant as reading converter
2026-02-06T19:02:54.412-05:00 DEBUG 21219 --- [01-WebFlux] [           main] o.s.b.f.s.DefaultListableBeanFactory     : Creating shared instance of singleton bean 'r2dbcManagedTypes'
2026-02-06T19:02:54.413-05:00 DEBUG 21219 --- [01-WebFlux] [           main] o.s.b.f.s.DefaultListableBeanFactory     : Autowiring by type from bean name 'r2dbcManagedTypes' via factory method to bean named 'org.springframework.boot.web.reactive.context.AnnotationConfigReactiveWebServerApplicationContext@22f31dec'
2026-02-06T19:02:54.421-05:00 DEBUG 21219 --- [01-WebFlux] [           main] ssPathScanningCandidateComponentProvider : Identified candidate component class: file [/home/bryan/Documents/github-repos/microservices-with-spring-cloud-and-webflux/01-WebFlux/target/classes/com/example/webflux/infrastructure/auth/persistence/UserModelEntity.class]
2026-02-06T19:02:54.421-05:00 DEBUG 21219 --- [01-WebFlux] [           main] ssPathScanningCandidateComponentProvider : Identified candidate component class: file [/home/bryan/Documents/github-repos/microservices-with-spring-cloud-and-webflux/01-WebFlux/target/classes/com/example/webflux/infrastructure/auth/persistence/UserRolEntity.class]
2026-02-06T19:02:54.421-05:00 DEBUG 21219 --- [01-WebFlux] [           main] ssPathScanningCandidateComponentProvider : Identified candidate component class: file [/home/bryan/Documents/github-repos/microservices-with-spring-cloud-and-webflux/01-WebFlux/target/classes/com/example/webflux/infrastructure/listings/persistence/ListingEntity.class]
2026-02-06T19:02:54.421-05:00 DEBUG 21219 --- [01-WebFlux] [           main] ssPathScanningCandidateComponentProvider : Identified candidate component class: file [/home/bryan/Documents/github-repos/microservices-with-spring-cloud-and-webflux/01-WebFlux/target/classes/com/example/webflux/infrastructure/orders/persistence/OrderEntity.class]
2026-02-06T19:02:54.421-05:00 DEBUG 21219 --- [01-WebFlux] [           main] ssPathScanningCandidateComponentProvider : Identified candidate component class: file [/home/bryan/Documents/github-repos/microservices-with-spring-cloud-and-webflux/01-WebFlux/target/classes/com/example/webflux/infrastructure/products/persistence/ProductEntity.class]
2026-02-06T19:02:54.421-05:00 DEBUG 21219 --- [01-WebFlux] [           main] ssPathScanningCandidateComponentProvider : Identified candidate component class: file [/home/bryan/Documents/github-repos/microservices-with-spring-cloud-and-webflux/01-WebFlux/target/classes/com/example/webflux/infrastructure/refreshToken/persistence/RefreshTokenEntity.class]
2026-02-06T19:02:54.423-05:00 DEBUG 21219 --- [01-WebFlux] [           main] o.s.b.f.s.DefaultListableBeanFactory     : Autowiring by type from bean name 'r2dbcMappingContext' via factory method to bean named 'r2dbcCustomConversions'
2026-02-06T19:02:54.423-05:00 DEBUG 21219 --- [01-WebFlux] [           main] o.s.b.f.s.DefaultListableBeanFactory     : Autowiring by type from bean name 'r2dbcMappingContext' via factory method to bean named 'r2dbcManagedTypes'
2026-02-06T19:02:54.474-05:00 DEBUG 21219 --- [01-WebFlux] [           main] o.s.b.f.s.DefaultListableBeanFactory     : Autowiring by type from bean name 'r2dbcConverter' via factory method to bean named 'r2dbcMappingContext'
2026-02-06T19:02:54.474-05:00 DEBUG 21219 --- [01-WebFlux] [           main] o.s.b.f.s.DefaultListableBeanFactory     : Autowiring by type from bean name 'r2dbcConverter' via factory method to bean named 'r2dbcCustomConversions'
2026-02-06T19:02:54.488-05:00 DEBUG 21219 --- [01-WebFlux] [           main] o.s.b.f.s.DefaultListableBeanFactory     : Autowiring by type from bean name 'r2dbcEntityTemplate' via factory method to bean named 'r2dbcConverter'
2026-02-06T19:02:54.515-05:00 DEBUG 21219 --- [01-WebFlux] [           main] o.s.d.r.c.s.RepositoryFactorySupport     : Initializing repository instance for com.example.webflux.infrastructure.auth.repository.postgres.R2dbcPostgresUserRepository…
2026-02-06T19:02:54.563-05:00 DEBUG 21219 --- [01-WebFlux] [           main] o.s.d.r.c.s.RepositoryFactorySupport     : Finished creation of repository instance for com.example.webflux.infrastructure.auth.repository.postgres.R2dbcPostgresUserRepository.
2026-02-06T19:02:54.569-05:00 DEBUG 21219 --- [01-WebFlux] [           main] o.s.b.f.s.DefaultListableBeanFactory     : Creating shared instance of singleton bean 'r2dbcPostgresUserRolRepository'
2026-02-06T19:02:54.570-05:00 DEBUG 21219 --- [01-WebFlux] [           main] o.s.b.f.s.DefaultListableBeanFactory     : Creating shared instance of singleton bean 'r2dbc.named-queries#5'
2026-02-06T19:02:54.571-05:00 DEBUG 21219 --- [01-WebFlux] [           main] o.s.b.f.s.DefaultListableBeanFactory     : Creating shared instance of singleton bean 'r2dbc.R2dbcPostgresUserRolRepository.fragments#0'
2026-02-06T19:02:54.573-05:00 DEBUG 21219 --- [01-WebFlux] [           main] o.s.d.r.c.s.RepositoryFactorySupport     : Initializing repository instance for com.example.webflux.infrastructure.auth.repository.postgres.R2dbcPostgresUserRolRepository…
2026-02-06T19:02:54.578-05:00 DEBUG 21219 --- [01-WebFlux] [           main] o.s.d.r.c.s.RepositoryFactorySupport     : Finished creation of repository instance for com.example.webflux.infrastructure.auth.repository.postgres.R2dbcPostgresUserRolRepository.
2026-02-06T19:02:54.582-05:00 DEBUG 21219 --- [01-WebFlux] [           main] o.s.b.f.s.DefaultListableBeanFactory     : Autowiring by type from bean name 'r2dbcUserRepositoryAdapter' via constructor to bean named 'r2dbcPostgresUserRepository'
2026-02-06T19:02:54.582-05:00 DEBUG 21219 --- [01-WebFlux] [           main] o.s.b.f.s.DefaultListableBeanFactory     : Autowiring by type from bean name 'r2dbcUserRepositoryAdapter' via constructor to bean named 'r2dbcPostgresUserRolRepository'
2026-02-06T19:02:54.598-05:00 DEBUG 21219 --- [01-WebFlux] [           main] o.s.b.f.s.DefaultListableBeanFactory     : Autowiring by type from bean name 'authUseCaseImp' via constructor to bean named 'passwordEncoder'
2026-02-06T19:02:54.598-05:00 DEBUG 21219 --- [01-WebFlux] [           main] o.s.b.f.s.DefaultListableBeanFactory     : Autowiring by type from bean name 'authUseCaseImp' via constructor to bean named 'r2dbcUserRepositoryAdapter'
2026-02-06T19:02:54.599-05:00 DEBUG 21219 --- [01-WebFlux] [           main] o.s.b.f.s.DefaultListableBeanFactory     : Creating shared instance of singleton bean 'listingUseCaseImp'
2026-02-06T19:02:54.601-05:00 DEBUG 21219 --- [01-WebFlux] [           main] o.s.b.f.s.DefaultListableBeanFactory     : Creating shared instance of singleton bean 'r2dbcProductRepositoryAdapter'
2026-02-06T19:02:54.602-05:00 DEBUG 21219 --- [01-WebFlux] [           main] o.s.b.f.s.DefaultListableBeanFactory     : Creating shared instance of singleton bean 'r2dbcPostgresProductRepository'
2026-02-06T19:02:54.602-05:00 DEBUG 21219 --- [01-WebFlux] [           main] o.s.b.f.s.DefaultListableBeanFactory     : Creating shared instance of singleton bean 'r2dbc.named-queries#4'
2026-02-06T19:02:54.603-05:00 DEBUG 21219 --- [01-WebFlux] [           main] o.s.b.f.s.DefaultListableBeanFactory     : Creating shared instance of singleton bean 'r2dbc.R2dbcPostgresProductRepository.fragments#0'
2026-02-06T19:02:54.605-05:00 DEBUG 21219 --- [01-WebFlux] [           main] o.s.d.r.c.s.RepositoryFactorySupport     : Initializing repository instance for com.example.webflux.infrastructure.products.repository.postgres.R2dbcPostgresProductRepository…
2026-02-06T19:02:54.614-05:00 DEBUG 21219 --- [01-WebFlux] [           main] o.s.d.r.c.s.RepositoryFactorySupport     : Finished creation of repository instance for com.example.webflux.infrastructure.products.repository.postgres.R2dbcPostgresProductRepository.
2026-02-06T19:02:54.618-05:00 DEBUG 21219 --- [01-WebFlux] [           main] o.s.b.f.s.DefaultListableBeanFactory     : Autowiring by type from bean name 'r2dbcProductRepositoryAdapter' via constructor to bean named 'r2dbcPostgresProductRepository'
2026-02-06T19:02:54.628-05:00 DEBUG 21219 --- [01-WebFlux] [           main] o.s.b.f.s.DefaultListableBeanFactory     : Creating shared instance of singleton bean 'r2dbcListingRepositoryAdapter'
2026-02-06T19:02:54.628-05:00 DEBUG 21219 --- [01-WebFlux] [           main] o.s.b.f.s.DefaultListableBeanFactory     : Creating shared instance of singleton bean 'r2dbcPostgresListingRepository'
2026-02-06T19:02:54.629-05:00 DEBUG 21219 --- [01-WebFlux] [           main] o.s.b.f.s.DefaultListableBeanFactory     : Creating shared instance of singleton bean 'r2dbc.named-queries#1'
2026-02-06T19:02:54.630-05:00 DEBUG 21219 --- [01-WebFlux] [           main] o.s.b.f.s.DefaultListableBeanFactory     : Creating shared instance of singleton bean 'r2dbc.R2dbcPostgresListingRepository.fragments#0'
2026-02-06T19:02:54.632-05:00 DEBUG 21219 --- [01-WebFlux] [           main] o.s.d.r.c.s.RepositoryFactorySupport     : Initializing repository instance for com.example.webflux.infrastructure.listings.repository.postgres.R2dbcPostgresListingRepository…
2026-02-06T19:02:54.635-05:00 DEBUG 21219 --- [01-WebFlux] [           main] o.s.d.r.c.s.RepositoryFactorySupport     : Finished creation of repository instance for com.example.webflux.infrastructure.listings.repository.postgres.R2dbcPostgresListingRepository.
2026-02-06T19:02:54.638-05:00 DEBUG 21219 --- [01-WebFlux] [           main] o.s.b.f.s.DefaultListableBeanFactory     : Autowiring by type from bean name 'r2dbcListingRepositoryAdapter' via constructor to bean named 'r2dbcPostgresListingRepository'
2026-02-06T19:02:54.643-05:00 DEBUG 21219 --- [01-WebFlux] [           main] o.s.b.f.s.DefaultListableBeanFactory     : Autowiring by type from bean name 'listingUseCaseImp' via constructor to bean named 'r2dbcProductRepositoryAdapter'
2026-02-06T19:02:54.643-05:00 DEBUG 21219 --- [01-WebFlux] [           main] o.s.b.f.s.DefaultListableBeanFactory     : Autowiring by type from bean name 'listingUseCaseImp' via constructor to bean named 'r2dbcListingRepositoryAdapter'
2026-02-06T19:02:54.644-05:00 DEBUG 21219 --- [01-WebFlux] [           main] o.s.b.f.s.DefaultListableBeanFactory     : Creating shared instance of singleton bean 'orderUseCaseImp'
2026-02-06T19:02:54.645-05:00 DEBUG 21219 --- [01-WebFlux] [           main] o.s.b.f.s.DefaultListableBeanFactory     : Creating shared instance of singleton bean 'r2dbcOrderRepositoryAdapter'
2026-02-06T19:02:54.645-05:00 DEBUG 21219 --- [01-WebFlux] [           main] o.s.b.f.s.DefaultListableBeanFactory     : Creating shared instance of singleton bean 'r2dbcPostgresOrderRepository'
2026-02-06T19:02:54.645-05:00 DEBUG 21219 --- [01-WebFlux] [           main] o.s.b.f.s.DefaultListableBeanFactory     : Creating shared instance of singleton bean 'r2dbc.named-queries#0'
2026-02-06T19:02:54.646-05:00 DEBUG 21219 --- [01-WebFlux] [           main] o.s.b.f.s.DefaultListableBeanFactory     : Creating shared instance of singleton bean 'r2dbc.R2dbcPostgresOrderRepository.fragments#0'
2026-02-06T19:02:54.648-05:00 DEBUG 21219 --- [01-WebFlux] [           main] o.s.d.r.c.s.RepositoryFactorySupport     : Initializing repository instance for com.example.webflux.infrastructure.orders.repository.postgres.R2dbcPostgresOrderRepository…
2026-02-06T19:02:54.650-05:00 DEBUG 21219 --- [01-WebFlux] [           main] o.s.d.r.c.s.RepositoryFactorySupport     : Finished creation of repository instance for com.example.webflux.infrastructure.orders.repository.postgres.R2dbcPostgresOrderRepository.
2026-02-06T19:02:54.654-05:00 DEBUG 21219 --- [01-WebFlux] [           main] o.s.b.f.s.DefaultListableBeanFactory     : Autowiring by type from bean name 'r2dbcOrderRepositoryAdapter' via constructor to bean named 'r2dbcPostgresOrderRepository'
2026-02-06T19:02:54.658-05:00 DEBUG 21219 --- [01-WebFlux] [           main] o.s.b.f.s.DefaultListableBeanFactory     : Autowiring by type from bean name 'orderUseCaseImp' via constructor to bean named 'r2dbcOrderRepositoryAdapter'
2026-02-06T19:02:54.658-05:00 DEBUG 21219 --- [01-WebFlux] [           main] o.s.b.f.s.DefaultListableBeanFactory     : Autowiring by type from bean name 'orderUseCaseImp' via constructor to bean named 'r2dbcUserRepositoryAdapter'
2026-02-06T19:02:54.658-05:00 DEBUG 21219 --- [01-WebFlux] [           main] o.s.b.f.s.DefaultListableBeanFactory     : Creating shared instance of singleton bean 'productUseCaseImp'
2026-02-06T19:02:54.659-05:00 DEBUG 21219 --- [01-WebFlux] [           main] o.s.b.f.s.DefaultListableBeanFactory     : Autowiring by type from bean name 'productUseCaseImp' via constructor to bean named 'r2dbcProductRepositoryAdapter'
2026-02-06T19:02:54.660-05:00 DEBUG 21219 --- [01-WebFlux] [           main] o.s.b.f.s.DefaultListableBeanFactory     : Creating shared instance of singleton bean 'refreshTokenUseCaseImp'
2026-02-06T19:02:54.661-05:00 DEBUG 21219 --- [01-WebFlux] [           main] o.s.b.f.s.DefaultListableBeanFactory     : Creating shared instance of singleton bean 'r2dbcRefreshTokenRepositoryAdapter'
2026-02-06T19:02:54.661-05:00 DEBUG 21219 --- [01-WebFlux] [           main] o.s.b.f.s.DefaultListableBeanFactory     : Creating shared instance of singleton bean 'r2dbcPostgresRefreshTokenRepository'
2026-02-06T19:02:54.661-05:00 DEBUG 21219 --- [01-WebFlux] [           main] o.s.b.f.s.DefaultListableBeanFactory     : Creating shared instance of singleton bean 'r2dbc.named-queries#2'
2026-02-06T19:02:54.662-05:00 DEBUG 21219 --- [01-WebFlux] [           main] o.s.b.f.s.DefaultListableBeanFactory     : Creating shared instance of singleton bean 'r2dbc.R2dbcPostgresRefreshTokenRepository.fragments#0'
2026-02-06T19:02:54.664-05:00 DEBUG 21219 --- [01-WebFlux] [           main] o.s.d.r.c.s.RepositoryFactorySupport     : Initializing repository instance for com.example.webflux.infrastructure.refreshToken.repository.postgres.R2dbcPostgresRefreshTokenRepository…
2026-02-06T19:02:54.673-05:00 DEBUG 21219 --- [01-WebFlux] [           main] o.s.d.r.c.s.RepositoryFactorySupport     : Finished creation of repository instance for com.example.webflux.infrastructure.refreshToken.repository.postgres.R2dbcPostgresRefreshTokenRepository.
2026-02-06T19:02:54.676-05:00 DEBUG 21219 --- [01-WebFlux] [           main] o.s.b.f.s.DefaultListableBeanFactory     : Autowiring by type from bean name 'r2dbcRefreshTokenRepositoryAdapter' via constructor to bean named 'r2dbcPostgresRefreshTokenRepository'
2026-02-06T19:02:54.681-05:00 DEBUG 21219 --- [01-WebFlux] [           main] o.s.c.e.PropertySourcesPropertyResolver  : Found key 'refresh-token.ttl' in PropertySource 'environmentProperties' with value of type String
2026-02-06T19:02:54.683-05:00 DEBUG 21219 --- [01-WebFlux] [           main] o.s.b.f.s.DefaultListableBeanFactory     : Autowiring by type from bean name 'refreshTokenUseCaseImp' via constructor to bean named 'r2dbcRefreshTokenRepositoryAdapter'
2026-02-06T19:02:54.684-05:00 DEBUG 21219 --- [01-WebFlux] [           main] o.s.b.f.s.DefaultListableBeanFactory     : Creating shared instance of singleton bean 'authController'
2026-02-06T19:02:54.686-05:00 DEBUG 21219 --- [01-WebFlux] [           main] o.s.b.f.s.DefaultListableBeanFactory     : Creating shared instance of singleton bean 'customReactiveUserDetailsService'
2026-02-06T19:02:54.686-05:00 DEBUG 21219 --- [01-WebFlux] [           main] o.s.b.f.s.DefaultListableBeanFactory     : Autowiring by type from bean name 'customReactiveUserDetailsService' via constructor to bean named 'r2dbcUserRepositoryAdapter'
2026-02-06T19:02:54.687-05:00 DEBUG 21219 --- [01-WebFlux] [           main] o.s.b.f.s.DefaultListableBeanFactory     : Autowiring by type from bean name 'authController' via constructor to bean named 'customReactiveUserDetailsService'
2026-02-06T19:02:54.687-05:00 DEBUG 21219 --- [01-WebFlux] [           main] o.s.b.f.s.DefaultListableBeanFactory     : Autowiring by type from bean name 'authController' via constructor to bean named 'passwordEncoder'
2026-02-06T19:02:54.687-05:00 DEBUG 21219 --- [01-WebFlux] [           main] o.s.b.f.s.DefaultListableBeanFactory     : Autowiring by type from bean name 'authController' via constructor to bean named 'jwtService'
2026-02-06T19:02:54.687-05:00 DEBUG 21219 --- [01-WebFlux] [           main] o.s.b.f.s.DefaultListableBeanFactory     : Autowiring by type from bean name 'authController' via constructor to bean named 'refreshTokenUseCaseImp'
2026-02-06T19:02:54.687-05:00 DEBUG 21219 --- [01-WebFlux] [           main] o.s.b.f.s.DefaultListableBeanFactory     : Autowiring by type from bean name 'authController' via constructor to bean named 'authUseCaseImp'
2026-02-06T19:02:54.689-05:00 DEBUG 21219 --- [01-WebFlux] [           main] o.s.b.f.s.DefaultListableBeanFactory     : Creating shared instance of singleton bean 'listingController'
2026-02-06T19:02:54.690-05:00 DEBUG 21219 --- [01-WebFlux] [           main] o.s.b.f.s.DefaultListableBeanFactory     : Autowiring by type from bean name 'listingController' via constructor to bean named 'listingUseCaseImp'
2026-02-06T19:02:54.696-05:00 DEBUG 21219 --- [01-WebFlux] [           main] o.s.b.f.s.DefaultListableBeanFactory     : Creating shared instance of singleton bean 'orderController'
2026-02-06T19:02:54.696-05:00 DEBUG 21219 --- [01-WebFlux] [           main] o.s.b.f.s.DefaultListableBeanFactory     : Autowiring by type from bean name 'orderController' via constructor to bean named 'orderUseCaseImp'
2026-02-06T19:02:54.697-05:00 DEBUG 21219 --- [01-WebFlux] [           main] o.s.b.f.s.DefaultListableBeanFactory     : Creating shared instance of singleton bean 'productController'
2026-02-06T19:02:54.697-05:00 DEBUG 21219 --- [01-WebFlux] [           main] o.s.b.f.s.DefaultListableBeanFactory     : Autowiring by type from bean name 'productController' via constructor to bean named 'productUseCaseImp'
2026-02-06T19:02:54.697-05:00 DEBUG 21219 --- [01-WebFlux] [           main] o.s.b.f.s.DefaultListableBeanFactory     : Creating shared instance of singleton bean 'bearerTokenServerAuthenticationConverter'
2026-02-06T19:02:54.698-05:00 DEBUG 21219 --- [01-WebFlux] [           main] o.s.b.f.s.DefaultListableBeanFactory     : Creating shared instance of singleton bean '_reactiveMethodSecurityConfiguration'
2026-02-06T19:02:54.699-05:00 DEBUG 21219 --- [01-WebFlux] [           main] o.s.b.f.s.DefaultListableBeanFactory     : Creating shared instance of singleton bean 'methodSecurityExpressionHandler'
2026-02-06T19:02:54.701-05:00 DEBUG 21219 --- [01-WebFlux] [           main] o.s.b.f.s.DefaultListableBeanFactory     : Creating shared instance of singleton bean 'methodAuthorizationManagerPostProcessor'
2026-02-06T19:02:54.704-05:00 DEBUG 21219 --- [01-WebFlux] [           main] o.s.b.f.s.DefaultListableBeanFactory     : Creating shared instance of singleton bean 'methodResultAuthorizationManagerPostProcessor'
2026-02-06T19:02:54.706-05:00 DEBUG 21219 --- [01-WebFlux] [           main] o.s.b.f.s.DefaultListableBeanFactory     : Creating shared instance of singleton bean 'org.springframework.security.config.annotation.method.configuration.ReactiveMethodObservationConfiguration'
2026-02-06T19:02:54.707-05:00 DEBUG 21219 --- [01-WebFlux] [           main] o.s.b.f.s.DefaultListableBeanFactory     : Creating shared instance of singleton bean 'org.springframework.security.config.annotation.method.configuration.AuthorizationProxyConfiguration'
2026-02-06T19:02:54.707-05:00 DEBUG 21219 --- [01-WebFlux] [           main] o.s.b.f.s.DefaultListableBeanFactory     : Creating shared instance of singleton bean 'authorizationProxyFactory'
2026-02-06T19:02:54.710-05:00 DEBUG 21219 --- [01-WebFlux] [           main] o.s.b.f.s.DefaultListableBeanFactory     : Creating shared instance of singleton bean 'authorizeReturnObjectHintsRegistrar'
2026-02-06T19:02:54.710-05:00 DEBUG 21219 --- [01-WebFlux] [           main] o.s.b.f.s.DefaultListableBeanFactory     : Autowiring by type from bean name 'authorizeReturnObjectHintsRegistrar' via factory method to bean named 'authorizationProxyFactory'
2026-02-06T19:02:54.711-05:00 DEBUG 21219 --- [01-WebFlux] [           main] o.s.b.f.s.DefaultListableBeanFactory     : Creating shared instance of singleton bean 'securityWebFilterChain'
2026-02-06T19:02:54.711-05:00 DEBUG 21219 --- [01-WebFlux] [           main] o.s.b.f.s.DefaultListableBeanFactory     : Creating shared instance of singleton bean 'org.springframework.security.config.annotation.web.reactive.ServerHttpSecurityConfiguration'
2026-02-06T19:02:54.713-05:00 DEBUG 21219 --- [01-WebFlux] [           main] o.s.b.f.s.DefaultListableBeanFactory     : Creating shared instance of singleton bean 'webFluxAdapterRegistry'
2026-02-06T19:02:54.713-05:00 DEBUG 21219 --- [01-WebFlux] [           main] o.s.b.f.s.DefaultListableBeanFactory     : Creating shared instance of singleton bean 'org.springframework.boot.autoconfigure.web.reactive.WebFluxAutoConfiguration$EnableWebFluxConfiguration'
2026-02-06T19:02:54.713-05:00 DEBUG 21219 --- [01-WebFlux] [           main] o.s.b.f.s.DefaultListableBeanFactory     : Creating shared instance of singleton bean 'spring.webflux-org.springframework.boot.autoconfigure.web.reactive.WebFluxProperties'
2026-02-06T19:02:54.714-05:00 DEBUG 21219 --- [01-WebFlux] [           main] o.s.b.f.s.DefaultListableBeanFactory     : Creating shared instance of singleton bean 'spring.web-org.springframework.boot.autoconfigure.web.WebProperties'
2026-02-06T19:02:54.716-05:00 DEBUG 21219 --- [01-WebFlux] [           main] o.s.b.f.s.DefaultListableBeanFactory     : Autowiring by type from bean name 'org.springframework.boot.autoconfigure.web.reactive.WebFluxAutoConfiguration$EnableWebFluxConfiguration' via constructor to bean named 'spring.webflux-org.springframework.boot.autoconfigure.web.reactive.WebFluxProperties'
2026-02-06T19:02:54.716-05:00 DEBUG 21219 --- [01-WebFlux] [           main] o.s.b.f.s.DefaultListableBeanFactory     : Autowiring by type from bean name 'org.springframework.boot.autoconfigure.web.reactive.WebFluxAutoConfiguration$EnableWebFluxConfiguration' via constructor to bean named 'spring.web-org.springframework.boot.autoconfigure.web.WebProperties'
2026-02-06T19:02:54.716-05:00 DEBUG 21219 --- [01-WebFlux] [           main] o.s.b.f.s.DefaultListableBeanFactory     : Autowiring by type from bean name 'org.springframework.boot.autoconfigure.web.reactive.WebFluxAutoConfiguration$EnableWebFluxConfiguration' via constructor to bean named 'server-org.springframework.boot.autoconfigure.web.ServerProperties'
2026-02-06T19:02:54.718-05:00 DEBUG 21219 --- [01-WebFlux] [           main] o.s.b.f.s.DefaultListableBeanFactory     : Creating shared instance of singleton bean 'org.springframework.boot.autoconfigure.web.reactive.WebFluxAutoConfiguration$WebFluxConfig'
2026-02-06T19:02:54.720-05:00 DEBUG 21219 --- [01-WebFlux] [           main] o.s.b.f.s.DefaultListableBeanFactory     : Autowiring by type from bean name 'org.springframework.boot.autoconfigure.web.reactive.WebFluxAutoConfiguration$WebFluxConfig' via constructor to bean named 'environment'
2026-02-06T19:02:54.720-05:00 DEBUG 21219 --- [01-WebFlux] [           main] o.s.b.f.s.DefaultListableBeanFactory     : Autowiring by type from bean name 'org.springframework.boot.autoconfigure.web.reactive.WebFluxAutoConfiguration$WebFluxConfig' via constructor to bean named 'spring.web-org.springframework.boot.autoconfigure.web.WebProperties'
2026-02-06T19:02:54.720-05:00 DEBUG 21219 --- [01-WebFlux] [           main] o.s.b.f.s.DefaultListableBeanFactory     : Autowiring by type from bean name 'org.springframework.boot.autoconfigure.web.reactive.WebFluxAutoConfiguration$WebFluxConfig' via constructor to bean named 'spring.webflux-org.springframework.boot.autoconfigure.web.reactive.WebFluxProperties'
2026-02-06T19:02:54.720-05:00 DEBUG 21219 --- [01-WebFlux] [           main] o.s.b.f.s.DefaultListableBeanFactory     : Autowiring by type from bean name 'org.springframework.boot.autoconfigure.web.reactive.WebFluxAutoConfiguration$WebFluxConfig' via constructor to bean named 'org.springframework.beans.factory.support.DefaultListableBeanFactory@e98770d'
2026-02-06T19:02:54.722-05:00 DEBUG 21219 --- [01-WebFlux] [           main] o.s.b.f.s.DefaultListableBeanFactory     : Creating shared instance of singleton bean 'authenticationPrincipalArgumentResolverConfigurer'
2026-02-06T19:02:54.726-05:00 DEBUG 21219 --- [01-WebFlux] [           main] o.s.b.f.s.DefaultListableBeanFactory     : Creating shared instance of singleton bean 'reactiveAuthenticationManager'
2026-02-06T19:02:54.727-05:00 DEBUG 21219 --- [01-WebFlux] [           main] o.s.b.f.s.DefaultListableBeanFactory     : Autowiring by type from bean name 'reactiveAuthenticationManager' via factory method to bean named 'customReactiveUserDetailsService'
2026-02-06T19:02:54.727-05:00 DEBUG 21219 --- [01-WebFlux] [           main] o.s.b.f.s.DefaultListableBeanFactory     : Autowiring by type from bean name 'reactiveAuthenticationManager' via factory method to bean named 'passwordEncoder'
2026-02-06T19:02:54.728-05:00 DEBUG 21219 --- [01-WebFlux] [           main] o.s.b.f.s.DefaultListableBeanFactory     : Creating shared instance of singleton bean 'reactiveAuthenticationManagerPostProcessor'
2026-02-06T19:02:54.754-05:00 DEBUG 21219 --- [01-WebFlux] [           main] o.s.b.f.s.DefaultListableBeanFactory     : Creating shared instance of singleton bean 'jwtAuthFilter'
2026-02-06T19:02:54.754-05:00 DEBUG 21219 --- [01-WebFlux] [           main] o.s.b.f.s.DefaultListableBeanFactory     : Autowiring by type from bean name 'jwtAuthFilter' via factory method to bean named 'reactiveAuthenticationManager'
2026-02-06T19:02:54.754-05:00 DEBUG 21219 --- [01-WebFlux] [           main] o.s.b.f.s.DefaultListableBeanFactory     : Autowiring by type from bean name 'jwtAuthFilter' via factory method to bean named 'bearerTokenServerAuthenticationConverter'
2026-02-06T19:02:54.757-05:00 DEBUG 21219 --- [01-WebFlux] [           main] o.s.b.f.s.DefaultListableBeanFactory     : Autowiring by type from bean name 'securityWebFilterChain' via factory method to bean named 'org.springframework.security.config.annotation.web.reactive.HttpSecurityConfiguration.httpSecurity'
2026-02-06T19:02:54.757-05:00 DEBUG 21219 --- [01-WebFlux] [           main] o.s.b.f.s.DefaultListableBeanFactory     : Autowiring by type from bean name 'securityWebFilterChain' via factory method to bean named 'jwtAuthFilter'
2026-02-06T19:02:54.759-05:00 DEBUG 21219 --- [01-WebFlux] [           main] o.s.b.f.s.DefaultListableBeanFactory     : Creating shared instance of singleton bean 'webAuthorizationManagerPostProcessor'
2026-02-06T19:02:54.760-05:00 DEBUG 21219 --- [01-WebFlux] [           main] o.s.b.f.s.DefaultListableBeanFactory     : Creating shared instance of singleton bean 'requestMappingHandlerMapping'
2026-02-06T19:02:54.761-05:00 DEBUG 21219 --- [01-WebFlux] [           main] o.s.b.f.s.DefaultListableBeanFactory     : Creating shared instance of singleton bean 'webFluxContentTypeResolver'
2026-02-06T19:02:54.762-05:00 DEBUG 21219 --- [01-WebFlux] [           main] o.s.b.f.s.DefaultListableBeanFactory     : Autowiring by type from bean name 'requestMappingHandlerMapping' via factory method to bean named 'webFluxContentTypeResolver'
2026-02-06T19:02:54.787-05:00 DEBUG 21219 --- [01-WebFlux] [           main] s.w.r.r.m.a.RequestMappingHandlerMapping : 11 mappings in 'requestMappingHandlerMapping'
2026-02-06T19:02:54.795-05:00 DEBUG 21219 --- [01-WebFlux] [           main] o.s.b.f.s.DefaultListableBeanFactory     : Creating shared instance of singleton bean 'org.springframework.boot.autoconfigure.context.PropertyPlaceholderAutoConfiguration'
2026-02-06T19:02:54.796-05:00 DEBUG 21219 --- [01-WebFlux] [           main] o.s.b.f.s.DefaultListableBeanFactory     : Creating shared instance of singleton bean 'org.springframework.boot.autoconfigure.jackson.JacksonAutoConfiguration$Jackson2ObjectMapperBuilderCustomizerConfiguration'
2026-02-06T19:02:54.796-05:00 DEBUG 21219 --- [01-WebFlux] [           main] o.s.b.f.s.DefaultListableBeanFactory     : Creating shared instance of singleton bean 'standardJacksonObjectMapperBuilderCustomizer'
2026-02-06T19:02:54.796-05:00 DEBUG 21219 --- [01-WebFlux] [           main] o.s.b.f.s.DefaultListableBeanFactory     : Creating shared instance of singleton bean 'spring.jackson-org.springframework.boot.autoconfigure.jackson.JacksonProperties'
2026-02-06T19:02:54.798-05:00 DEBUG 21219 --- [01-WebFlux] [           main] o.s.b.f.s.DefaultListableBeanFactory     : Autowiring by type from bean name 'standardJacksonObjectMapperBuilderCustomizer' via factory method to bean named 'spring.jackson-org.springframework.boot.autoconfigure.jackson.JacksonProperties'
2026-02-06T19:02:54.799-05:00 DEBUG 21219 --- [01-WebFlux] [           main] o.s.b.f.s.DefaultListableBeanFactory     : Creating shared instance of singleton bean 'parameterNamesModule'
2026-02-06T19:02:54.799-05:00 DEBUG 21219 --- [01-WebFlux] [           main] o.s.b.f.s.DefaultListableBeanFactory     : Creating shared instance of singleton bean 'org.springframework.boot.autoconfigure.jackson.JacksonAutoConfiguration$ParameterNamesModuleConfiguration'
2026-02-06T19:02:54.801-05:00 DEBUG 21219 --- [01-WebFlux] [           main] o.s.b.f.s.DefaultListableBeanFactory     : Creating shared instance of singleton bean 'jsonMixinModule'
2026-02-06T19:02:54.801-05:00 DEBUG 21219 --- [01-WebFlux] [           main] o.s.b.f.s.DefaultListableBeanFactory     : Creating shared instance of singleton bean 'org.springframework.boot.autoconfigure.jackson.JacksonAutoConfiguration$JacksonMixinConfiguration'
2026-02-06T19:02:54.801-05:00 DEBUG 21219 --- [01-WebFlux] [           main] o.s.b.f.s.DefaultListableBeanFactory     : Creating shared instance of singleton bean 'jsonMixinModuleEntries'
2026-02-06T19:02:54.802-05:00 DEBUG 21219 --- [01-WebFlux] [           main] o.s.b.f.s.DefaultListableBeanFactory     : Autowiring by type from bean name 'jsonMixinModuleEntries' via factory method to bean named 'org.springframework.boot.web.reactive.context.AnnotationConfigReactiveWebServerApplicationContext@22f31dec'
2026-02-06T19:02:54.808-05:00 DEBUG 21219 --- [01-WebFlux] [           main] o.s.b.f.s.DefaultListableBeanFactory     : Autowiring by type from bean name 'jsonMixinModule' via factory method to bean named 'org.springframework.boot.web.reactive.context.AnnotationConfigReactiveWebServerApplicationContext@22f31dec'
2026-02-06T19:02:54.809-05:00 DEBUG 21219 --- [01-WebFlux] [           main] o.s.b.f.s.DefaultListableBeanFactory     : Autowiring by type from bean name 'jsonMixinModule' via factory method to bean named 'jsonMixinModuleEntries'
2026-02-06T19:02:54.810-05:00 DEBUG 21219 --- [01-WebFlux] [           main] o.s.b.f.s.DefaultListableBeanFactory     : Creating shared instance of singleton bean 'jsonComponentModule'
2026-02-06T19:02:54.810-05:00 DEBUG 21219 --- [01-WebFlux] [           main] o.s.b.f.s.DefaultListableBeanFactory     : Creating shared instance of singleton bean 'org.springframework.boot.autoconfigure.jackson.JacksonAutoConfiguration'
2026-02-06T19:02:54.814-05:00 DEBUG 21219 --- [01-WebFlux] [           main] o.s.b.f.s.DefaultListableBeanFactory     : Creating shared instance of singleton bean 'org.springframework.boot.autoconfigure.jackson.JacksonAutoConfiguration$JacksonObjectMapperBuilderConfiguration'
2026-02-06T19:02:54.814-05:00 DEBUG 21219 --- [01-WebFlux] [           main] o.s.b.f.s.DefaultListableBeanFactory     : Creating shared instance of singleton bean 'org.springframework.boot.autoconfigure.jackson.JacksonAutoConfiguration$JacksonObjectMapperConfiguration'
2026-02-06T19:02:54.814-05:00 DEBUG 21219 --- [01-WebFlux] [           main] o.s.b.f.s.DefaultListableBeanFactory     : Creating shared instance of singleton bean 'jacksonObjectMapper'
2026-02-06T19:02:54.815-05:00 DEBUG 21219 --- [01-WebFlux] [           main] o.s.b.f.s.DefaultListableBeanFactory     : Autowiring by type from bean name 'jacksonObjectMapperBuilder' via factory method to bean named 'org.springframework.boot.web.reactive.context.AnnotationConfigReactiveWebServerApplicationContext@22f31dec'
2026-02-06T19:02:54.815-05:00 DEBUG 21219 --- [01-WebFlux] [           main] o.s.b.f.s.DefaultListableBeanFactory     : Autowiring by type from bean name 'jacksonObjectMapperBuilder' via factory method to bean named 'standardJacksonObjectMapperBuilderCustomizer'
2026-02-06T19:02:54.816-05:00 DEBUG 21219 --- [01-WebFlux] [           main] o.s.b.f.s.DefaultListableBeanFactory     : Autowiring by type from bean name 'jacksonObjectMapper' via factory method to bean named 'jacksonObjectMapperBuilder'
2026-02-06T19:02:54.826-05:00 DEBUG 21219 --- [01-WebFlux] [           main] o.s.b.f.s.DefaultListableBeanFactory     : Creating shared instance of singleton bean 'org.springframework.boot.autoconfigure.http.codec.CodecsAutoConfiguration$DefaultCodecsConfiguration'
2026-02-06T19:02:54.827-05:00 DEBUG 21219 --- [01-WebFlux] [           main] o.s.b.f.s.DefaultListableBeanFactory     : Creating shared instance of singleton bean 'defaultCodecCustomizer'
2026-02-06T19:02:54.827-05:00 DEBUG 21219 --- [01-WebFlux] [           main] o.s.b.f.s.DefaultListableBeanFactory     : Creating shared instance of singleton bean 'spring.codec-org.springframework.boot.autoconfigure.codec.CodecProperties'
2026-02-06T19:02:54.828-05:00 DEBUG 21219 --- [01-WebFlux] [           main] o.s.b.f.s.DefaultListableBeanFactory     : Creating shared instance of singleton bean 'spring.http.codecs-org.springframework.boot.autoconfigure.http.codec.HttpCodecsProperties'
2026-02-06T19:02:54.829-05:00 DEBUG 21219 --- [01-WebFlux] [           main] o.s.b.f.s.DefaultListableBeanFactory     : Autowiring by type from bean name 'defaultCodecCustomizer' via factory method to bean named 'spring.codec-org.springframework.boot.autoconfigure.codec.CodecProperties'
2026-02-06T19:02:54.829-05:00 DEBUG 21219 --- [01-WebFlux] [           main] o.s.b.f.s.DefaultListableBeanFactory     : Autowiring by type from bean name 'defaultCodecCustomizer' via factory method to bean named 'spring.http.codecs-org.springframework.boot.autoconfigure.http.codec.HttpCodecsProperties'
2026-02-06T19:02:54.829-05:00 DEBUG 21219 --- [01-WebFlux] [           main] o.s.b.f.s.DefaultListableBeanFactory     : Autowiring by type from bean name 'defaultCodecCustomizer' via factory method to bean named 'environment'
2026-02-06T19:02:54.830-05:00 DEBUG 21219 --- [01-WebFlux] [           main] o.s.b.f.s.DefaultListableBeanFactory     : Creating shared instance of singleton bean 'org.springframework.boot.autoconfigure.http.codec.CodecsAutoConfiguration$JacksonCodecConfiguration'
2026-02-06T19:02:54.830-05:00 DEBUG 21219 --- [01-WebFlux] [           main] o.s.b.f.s.DefaultListableBeanFactory     : Creating shared instance of singleton bean 'jacksonCodecCustomizer'
2026-02-06T19:02:54.830-05:00 DEBUG 21219 --- [01-WebFlux] [           main] o.s.b.f.s.DefaultListableBeanFactory     : Autowiring by type from bean name 'jacksonCodecCustomizer' via factory method to bean named 'jacksonObjectMapper'
2026-02-06T19:02:54.831-05:00 DEBUG 21219 --- [01-WebFlux] [           main] o.s.b.f.s.DefaultListableBeanFactory     : Creating shared instance of singleton bean 'org.springframework.boot.autoconfigure.http.codec.CodecsAutoConfiguration'
2026-02-06T19:02:54.831-05:00 DEBUG 21219 --- [01-WebFlux] [           main] o.s.b.f.s.DefaultListableBeanFactory     : Creating shared instance of singleton bean 'org.springframework.boot.autoconfigure.validation.ValidationAutoConfiguration'
2026-02-06T19:02:54.831-05:00 DEBUG 21219 --- [01-WebFlux] [           main] o.s.b.f.s.DefaultListableBeanFactory     : Creating shared instance of singleton bean 'defaultValidator'
2026-02-06T19:02:54.832-05:00 DEBUG 21219 --- [01-WebFlux] [           main] o.s.b.f.s.DefaultListableBeanFactory     : Autowiring by type from bean name 'defaultValidator' via factory method to bean named 'org.springframework.boot.web.reactive.context.AnnotationConfigReactiveWebServerApplicationContext@22f31dec'
2026-02-06T19:02:54.839-05:00 DEBUG 21219 --- [01-WebFlux] [           main] o.s.b.f.s.DefaultListableBeanFactory     : Creating shared instance of singleton bean 'org.springframework.boot.autoconfigure.web.reactive.ReactiveMultipartAutoConfiguration'
2026-02-06T19:02:54.839-05:00 DEBUG 21219 --- [01-WebFlux] [           main] o.s.b.f.s.DefaultListableBeanFactory     : Creating shared instance of singleton bean 'defaultPartHttpMessageReaderCustomizer'
2026-02-06T19:02:54.840-05:00 DEBUG 21219 --- [01-WebFlux] [           main] o.s.b.f.s.DefaultListableBeanFactory     : Creating shared instance of singleton bean 'spring.webflux.multipart-org.springframework.boot.autoconfigure.web.reactive.ReactiveMultipartProperties'
2026-02-06T19:02:54.840-05:00 DEBUG 21219 --- [01-WebFlux] [           main] o.s.b.f.s.DefaultListableBeanFactory     : Autowiring by type from bean name 'defaultPartHttpMessageReaderCustomizer' via factory method to bean named 'spring.webflux.multipart-org.springframework.boot.autoconfigure.web.reactive.ReactiveMultipartProperties'
2026-02-06T19:02:54.841-05:00 DEBUG 21219 --- [01-WebFlux] [           main] o.s.b.f.s.DefaultListableBeanFactory     : Creating shared instance of singleton bean 'org.springframework.boot.autoconfigure.web.reactive.WebSessionIdResolverAutoConfiguration'
2026-02-06T19:02:54.841-05:00 DEBUG 21219 --- [01-WebFlux] [           main] o.s.b.f.s.DefaultListableBeanFactory     : Autowiring by type from bean name 'org.springframework.boot.autoconfigure.web.reactive.WebSessionIdResolverAutoConfiguration' via constructor to bean named 'server-org.springframework.boot.autoconfigure.web.ServerProperties'
2026-02-06T19:02:54.841-05:00 DEBUG 21219 --- [01-WebFlux] [           main] o.s.b.f.s.DefaultListableBeanFactory     : Autowiring by type from bean name 'org.springframework.boot.autoconfigure.web.reactive.WebSessionIdResolverAutoConfiguration' via constructor to bean named 'spring.webflux-org.springframework.boot.autoconfigure.web.reactive.WebFluxProperties'
2026-02-06T19:02:54.842-05:00 DEBUG 21219 --- [01-WebFlux] [           main] o.s.b.f.s.DefaultListableBeanFactory     : Creating shared instance of singleton bean 'webSessionIdResolver'
2026-02-06T19:02:54.842-05:00 DEBUG 21219 --- [01-WebFlux] [           main] o.s.b.f.s.DefaultListableBeanFactory     : Creating shared instance of singleton bean 'org.springframework.boot.autoconfigure.web.reactive.error.ErrorWebFluxAutoConfiguration'
2026-02-06T19:02:54.843-05:00 DEBUG 21219 --- [01-WebFlux] [           main] o.s.b.f.s.DefaultListableBeanFactory     : Autowiring by type from bean name 'org.springframework.boot.autoconfigure.web.reactive.error.ErrorWebFluxAutoConfiguration' via constructor to bean named 'server-org.springframework.boot.autoconfigure.web.ServerProperties'
2026-02-06T19:02:54.843-05:00 DEBUG 21219 --- [01-WebFlux] [           main] o.s.b.f.s.DefaultListableBeanFactory     : Creating shared instance of singleton bean 'errorWebExceptionHandler'
2026-02-06T19:02:54.843-05:00 DEBUG 21219 --- [01-WebFlux] [           main] o.s.b.f.s.DefaultListableBeanFactory     : Creating shared instance of singleton bean 'errorAttributes'
2026-02-06T19:02:54.844-05:00 DEBUG 21219 --- [01-WebFlux] [           main] o.s.b.f.s.DefaultListableBeanFactory     : Creating shared instance of singleton bean 'serverCodecConfigurer'
2026-02-06T19:02:54.864-05:00 DEBUG 21219 --- [01-WebFlux] [           main] o.s.b.f.s.DefaultListableBeanFactory     : Autowiring by type from bean name 'errorWebExceptionHandler' via factory method to bean named 'errorAttributes'
2026-02-06T19:02:54.864-05:00 DEBUG 21219 --- [01-WebFlux] [           main] o.s.b.f.s.DefaultListableBeanFactory     : Autowiring by type from bean name 'errorWebExceptionHandler' via factory method to bean named 'spring.web-org.springframework.boot.autoconfigure.web.WebProperties'
2026-02-06T19:02:54.864-05:00 DEBUG 21219 --- [01-WebFlux] [           main] o.s.b.f.s.DefaultListableBeanFactory     : Autowiring by type from bean name 'errorWebExceptionHandler' via factory method to bean named 'serverCodecConfigurer'
2026-02-06T19:02:54.864-05:00 DEBUG 21219 --- [01-WebFlux] [           main] o.s.b.f.s.DefaultListableBeanFactory     : Autowiring by type from bean name 'errorWebExceptionHandler' via factory method to bean named 'org.springframework.boot.web.reactive.context.AnnotationConfigReactiveWebServerApplicationContext@22f31dec'
2026-02-06T19:02:54.870-05:00 DEBUG 21219 --- [01-WebFlux] [           main] o.s.b.f.s.DefaultListableBeanFactory     : Creating shared instance of singleton bean 'webFluxConversionService'
2026-02-06T19:02:54.873-05:00 DEBUG 21219 --- [01-WebFlux] [           main] o.s.b.f.s.DefaultListableBeanFactory     : Creating shared instance of singleton bean 'webFluxValidator'
2026-02-06T19:02:54.875-05:00 DEBUG 21219 --- [01-WebFlux] [           main] o.s.b.f.s.DefaultListableBeanFactory     : Creating shared instance of singleton bean 'localeContextResolver'
2026-02-06T19:02:54.875-05:00 DEBUG 21219 --- [01-WebFlux] [           main] o.s.b.f.s.DefaultListableBeanFactory     : Creating shared instance of singleton bean 'webSessionManager'
2026-02-06T19:02:54.877-05:00 DEBUG 21219 --- [01-WebFlux] [           main] o.s.b.f.s.DefaultListableBeanFactory     : Creating shared instance of singleton bean 'webHandler'
2026-02-06T19:02:54.878-05:00 DEBUG 21219 --- [01-WebFlux] [           main] o.s.b.f.s.DefaultListableBeanFactory     : Creating shared instance of singleton bean 'routerFunctionMapping'
2026-02-06T19:02:54.878-05:00 DEBUG 21219 --- [01-WebFlux] [           main] o.s.b.f.s.DefaultListableBeanFactory     : Autowiring by type from bean name 'routerFunctionMapping' via factory method to bean named 'serverCodecConfigurer'
2026-02-06T19:02:54.880-05:00 DEBUG 21219 --- [01-WebFlux] [           main] o.s.b.f.s.DefaultListableBeanFactory     : Creating shared instance of singleton bean 'resourceHandlerMapping'
2026-02-06T19:02:54.880-05:00 DEBUG 21219 --- [01-WebFlux] [           main] o.s.b.f.s.DefaultListableBeanFactory     : Creating shared instance of singleton bean 'resourceUrlProvider'
2026-02-06T19:02:54.881-05:00 DEBUG 21219 --- [01-WebFlux] [           main] o.s.b.f.s.DefaultListableBeanFactory     : Autowiring by type from bean name 'resourceHandlerMapping' via factory method to bean named 'resourceUrlProvider'
2026-02-06T19:02:54.886-05:00 DEBUG 21219 --- [01-WebFlux] [           main] o.s.w.r.handler.SimpleUrlHandlerMapping  : Patterns [/webjars/**, /**] in 'resourceHandlerMapping'
2026-02-06T19:02:54.887-05:00 DEBUG 21219 --- [01-WebFlux] [           main] o.s.b.f.s.DefaultListableBeanFactory     : Creating shared instance of singleton bean 'welcomePageRouterFunctionMapping'
2026-02-06T19:02:54.887-05:00 DEBUG 21219 --- [01-WebFlux] [           main] o.s.b.f.s.DefaultListableBeanFactory     : Creating shared instance of singleton bean 'org.springframework.boot.autoconfigure.web.reactive.WebFluxAutoConfiguration$WelcomePageConfiguration'
2026-02-06T19:02:54.888-05:00 DEBUG 21219 --- [01-WebFlux] [           main] o.s.b.f.s.DefaultListableBeanFactory     : Autowiring by type from bean name 'welcomePageRouterFunctionMapping' via factory method to bean named 'org.springframework.boot.web.reactive.context.AnnotationConfigReactiveWebServerApplicationContext@22f31dec'
2026-02-06T19:02:54.888-05:00 DEBUG 21219 --- [01-WebFlux] [           main] o.s.b.f.s.DefaultListableBeanFactory     : Autowiring by type from bean name 'welcomePageRouterFunctionMapping' via factory method to bean named 'spring.webflux-org.springframework.boot.autoconfigure.web.reactive.WebFluxProperties'
2026-02-06T19:02:54.888-05:00 DEBUG 21219 --- [01-WebFlux] [           main] o.s.b.f.s.DefaultListableBeanFactory     : Autowiring by type from bean name 'welcomePageRouterFunctionMapping' via factory method to bean named 'spring.web-org.springframework.boot.autoconfigure.web.WebProperties'
2026-02-06T19:02:54.890-05:00 DEBUG 21219 --- [01-WebFlux] [           main] o.s.b.f.s.DefaultListableBeanFactory     : Creating shared instance of singleton bean 'requestMappingHandlerAdapter'
2026-02-06T19:02:54.891-05:00 DEBUG 21219 --- [01-WebFlux] [           main] o.s.b.f.s.DefaultListableBeanFactory     : Autowiring by type from bean name 'requestMappingHandlerAdapter' via factory method to bean named 'webFluxAdapterRegistry'
2026-02-06T19:02:54.891-05:00 DEBUG 21219 --- [01-WebFlux] [           main] o.s.b.f.s.DefaultListableBeanFactory     : Autowiring by type from bean name 'requestMappingHandlerAdapter' via factory method to bean named 'serverCodecConfigurer'
2026-02-06T19:02:54.891-05:00 DEBUG 21219 --- [01-WebFlux] [           main] o.s.b.f.s.DefaultListableBeanFactory     : Autowiring by type from bean name 'requestMappingHandlerAdapter' via factory method to bean named 'webFluxConversionService'
2026-02-06T19:02:54.891-05:00 DEBUG 21219 --- [01-WebFlux] [           main] o.s.b.f.s.DefaultListableBeanFactory     : Autowiring by type from bean name 'requestMappingHandlerAdapter' via factory method to bean named 'webFluxContentTypeResolver'
2026-02-06T19:02:54.891-05:00 DEBUG 21219 --- [01-WebFlux] [           main] o.s.b.f.s.DefaultListableBeanFactory     : Autowiring by type from bean name 'requestMappingHandlerAdapter' via factory method to bean named 'webFluxValidator'
2026-02-06T19:02:54.894-05:00 DEBUG 21219 --- [01-WebFlux] [           main] o.s.b.f.s.DefaultListableBeanFactory     : Creating shared instance of singleton bean 'authenticationPrincipalArgumentResolver'
2026-02-06T19:02:54.895-05:00 DEBUG 21219 --- [01-WebFlux] [           main] o.s.b.f.s.DefaultListableBeanFactory     : Creating shared instance of singleton bean 'reactiveCurrentSecurityContextArgumentResolver'
2026-02-06T19:02:54.908-05:00 DEBUG 21219 --- [01-WebFlux] [           main] o.s.w.r.r.m.a.ControllerMethodResolver   : ControllerAdvice beans: none
2026-02-06T19:02:54.909-05:00 DEBUG 21219 --- [01-WebFlux] [           main] o.s.b.f.s.DefaultListableBeanFactory     : Creating shared instance of singleton bean 'handlerFunctionAdapter'
2026-02-06T19:02:54.910-05:00 DEBUG 21219 --- [01-WebFlux] [           main] o.s.b.f.s.DefaultListableBeanFactory     : Creating shared instance of singleton bean 'simpleHandlerAdapter'
2026-02-06T19:02:54.910-05:00 DEBUG 21219 --- [01-WebFlux] [           main] o.s.b.f.s.DefaultListableBeanFactory     : Creating shared instance of singleton bean 'webFluxWebSocketHandlerAdapter'
2026-02-06T19:02:54.913-05:00 DEBUG 21219 --- [01-WebFlux] [           main] o.s.b.f.s.DefaultListableBeanFactory     : Creating shared instance of singleton bean 'responseEntityResultHandler'
2026-02-06T19:02:54.914-05:00 DEBUG 21219 --- [01-WebFlux] [           main] o.s.b.f.s.DefaultListableBeanFactory     : Autowiring by type from bean name 'responseEntityResultHandler' via factory method to bean named 'webFluxAdapterRegistry'
2026-02-06T19:02:54.914-05:00 DEBUG 21219 --- [01-WebFlux] [           main] o.s.b.f.s.DefaultListableBeanFactory     : Autowiring by type from bean name 'responseEntityResultHandler' via factory method to bean named 'serverCodecConfigurer'
2026-02-06T19:02:54.914-05:00 DEBUG 21219 --- [01-WebFlux] [           main] o.s.b.f.s.DefaultListableBeanFactory     : Autowiring by type from bean name 'responseEntityResultHandler' via factory method to bean named 'webFluxContentTypeResolver'
2026-02-06T19:02:54.916-05:00 DEBUG 21219 --- [01-WebFlux] [           main] o.s.b.f.s.DefaultListableBeanFactory     : Creating shared instance of singleton bean 'responseBodyResultHandler'
2026-02-06T19:02:54.916-05:00 DEBUG 21219 --- [01-WebFlux] [           main] o.s.b.f.s.DefaultListableBeanFactory     : Autowiring by type from bean name 'responseBodyResultHandler' via factory method to bean named 'webFluxAdapterRegistry'
2026-02-06T19:02:54.916-05:00 DEBUG 21219 --- [01-WebFlux] [           main] o.s.b.f.s.DefaultListableBeanFactory     : Autowiring by type from bean name 'responseBodyResultHandler' via factory method to bean named 'serverCodecConfigurer'
2026-02-06T19:02:54.916-05:00 DEBUG 21219 --- [01-WebFlux] [           main] o.s.b.f.s.DefaultListableBeanFactory     : Autowiring by type from bean name 'responseBodyResultHandler' via factory method to bean named 'webFluxContentTypeResolver'
2026-02-06T19:02:54.917-05:00 DEBUG 21219 --- [01-WebFlux] [           main] o.s.b.f.s.DefaultListableBeanFactory     : Creating shared instance of singleton bean 'viewResolutionResultHandler'
2026-02-06T19:02:54.917-05:00 DEBUG 21219 --- [01-WebFlux] [           main] o.s.b.f.s.DefaultListableBeanFactory     : Autowiring by type from bean name 'viewResolutionResultHandler' via factory method to bean named 'webFluxAdapterRegistry'
2026-02-06T19:02:54.917-05:00 DEBUG 21219 --- [01-WebFlux] [           main] o.s.b.f.s.DefaultListableBeanFactory     : Autowiring by type from bean name 'viewResolutionResultHandler' via factory method to bean named 'webFluxContentTypeResolver'
2026-02-06T19:02:54.920-05:00 DEBUG 21219 --- [01-WebFlux] [           main] o.s.b.f.s.DefaultListableBeanFactory     : Creating shared instance of singleton bean 'serverResponseResultHandler'
2026-02-06T19:02:54.920-05:00 DEBUG 21219 --- [01-WebFlux] [           main] o.s.b.f.s.DefaultListableBeanFactory     : Autowiring by type from bean name 'serverResponseResultHandler' via factory method to bean named 'serverCodecConfigurer'
2026-02-06T19:02:54.921-05:00 DEBUG 21219 --- [01-WebFlux] [           main] o.s.b.f.s.DefaultListableBeanFactory     : Creating shared instance of singleton bean 'responseStatusExceptionHandler'
2026-02-06T19:02:54.922-05:00 DEBUG 21219 --- [01-WebFlux] [           main] o.s.b.f.s.DefaultListableBeanFactory     : Creating shared instance of singleton bean 'org.springframework.boot.autoconfigure.web.reactive.WebFluxAutoConfiguration'
2026-02-06T19:02:54.924-05:00 DEBUG 21219 --- [01-WebFlux] [           main] o.s.b.f.s.DefaultListableBeanFactory     : Creating shared instance of singleton bean 'org.springframework.boot.autoconfigure.web.reactive.HttpHandlerAutoConfiguration$AnnotationConfig'
2026-02-06T19:02:54.924-05:00 DEBUG 21219 --- [01-WebFlux] [           main] o.s.b.f.s.DefaultListableBeanFactory     : Autowiring by type from bean name 'org.springframework.boot.autoconfigure.web.reactive.HttpHandlerAutoConfiguration$AnnotationConfig' via constructor to bean named 'org.springframework.boot.web.reactive.context.AnnotationConfigReactiveWebServerApplicationContext@22f31dec'
2026-02-06T19:02:54.924-05:00 DEBUG 21219 --- [01-WebFlux] [           main] o.s.b.f.s.DefaultListableBeanFactory     : Creating shared instance of singleton bean 'httpHandler'
2026-02-06T19:02:54.925-05:00 DEBUG 21219 --- [01-WebFlux] [           main] o.s.b.f.s.DefaultListableBeanFactory     : Creating shared instance of singleton bean 'org.springframework.security.config.annotation.web.reactive.WebFluxSecurityConfiguration.WebFilterChainFilter'
2026-02-06T19:02:54.925-05:00 DEBUG 21219 --- [01-WebFlux] [           main] o.s.b.f.s.DefaultListableBeanFactory     : Creating shared instance of singleton bean 'org.springframework.security.config.annotation.web.reactive.WebFluxSecurityConfiguration'
2026-02-06T19:02:54.927-05:00 DEBUG 21219 --- [01-WebFlux] [           main] o.s.b.f.s.DefaultListableBeanFactory     : Creating shared instance of singleton bean 'filterChainDecoratorPostProcessor'
2026-02-06T19:02:54.936-05:00 DEBUG 21219 --- [01-WebFlux] [           main] o.s.w.s.adapter.HttpWebHandlerAdapter    : enableLoggingRequestDetails='false': form data and headers will be masked to prevent unsafe logging of potentially sensitive data
2026-02-06T19:02:54.937-05:00 DEBUG 21219 --- [01-WebFlux] [           main] o.s.b.f.s.DefaultListableBeanFactory     : Creating shared instance of singleton bean 'org.springframework.boot.autoconfigure.web.reactive.HttpHandlerAutoConfiguration'
2026-02-06T19:02:54.938-05:00 DEBUG 21219 --- [01-WebFlux] [           main] o.s.b.f.s.DefaultListableBeanFactory     : Creating shared instance of singleton bean 'org.springframework.boot.autoconfigure.aop.AopAutoConfiguration$ClassProxyingConfiguration'
2026-02-06T19:02:54.938-05:00 DEBUG 21219 --- [01-WebFlux] [           main] o.s.b.f.s.DefaultListableBeanFactory     : Creating shared instance of singleton bean 'org.springframework.boot.autoconfigure.aop.AopAutoConfiguration'
2026-02-06T19:02:54.938-05:00 DEBUG 21219 --- [01-WebFlux] [           main] o.s.b.f.s.DefaultListableBeanFactory     : Creating shared instance of singleton bean 'org.springframework.boot.autoconfigure.availability.ApplicationAvailabilityAutoConfiguration'
2026-02-06T19:02:54.939-05:00 DEBUG 21219 --- [01-WebFlux] [           main] o.s.b.f.s.DefaultListableBeanFactory     : Creating shared instance of singleton bean 'applicationAvailability'
2026-02-06T19:02:54.940-05:00 DEBUG 21219 --- [01-WebFlux] [           main] o.s.b.f.s.DefaultListableBeanFactory     : Creating shared instance of singleton bean 'org.springframework.boot.autoconfigure.r2dbc.ConnectionFactoryConfigurations$PoolConfiguration'
2026-02-06T19:02:54.940-05:00 DEBUG 21219 --- [01-WebFlux] [           main] o.s.b.f.s.DefaultListableBeanFactory     : Creating shared instance of singleton bean 'org.springframework.boot.autoconfigure.transaction.TransactionManagerCustomizationAutoConfiguration'
2026-02-06T19:02:54.940-05:00 DEBUG 21219 --- [01-WebFlux] [           main] o.s.b.f.s.DefaultListableBeanFactory     : Creating shared instance of singleton bean 'platformTransactionManagerCustomizers'
2026-02-06T19:02:54.941-05:00 DEBUG 21219 --- [01-WebFlux] [           main] o.s.b.f.s.DefaultListableBeanFactory     : Creating shared instance of singleton bean 'transactionExecutionListeners'
2026-02-06T19:02:54.949-05:00 DEBUG 21219 --- [01-WebFlux] [           main] o.s.b.f.s.DefaultListableBeanFactory     : Creating shared instance of singleton bean 'spring.transaction-org.springframework.boot.autoconfigure.transaction.TransactionProperties'
2026-02-06T19:02:54.951-05:00 DEBUG 21219 --- [01-WebFlux] [           main] o.s.b.f.s.DefaultListableBeanFactory     : Creating shared instance of singleton bean 'org.springframework.boot.autoconfigure.context.ConfigurationPropertiesAutoConfiguration'
2026-02-06T19:02:54.951-05:00 DEBUG 21219 --- [01-WebFlux] [           main] o.s.b.f.s.DefaultListableBeanFactory     : Creating shared instance of singleton bean 'org.springframework.boot.autoconfigure.context.LifecycleAutoConfiguration'
2026-02-06T19:02:54.952-05:00 DEBUG 21219 --- [01-WebFlux] [           main] o.s.b.f.s.DefaultListableBeanFactory     : Creating shared instance of singleton bean 'lifecycleProcessor'
2026-02-06T19:02:54.952-05:00 DEBUG 21219 --- [01-WebFlux] [           main] o.s.b.f.s.DefaultListableBeanFactory     : Creating shared instance of singleton bean 'spring.lifecycle-org.springframework.boot.autoconfigure.context.LifecycleProperties'
2026-02-06T19:02:54.952-05:00 DEBUG 21219 --- [01-WebFlux] [           main] o.s.b.f.s.DefaultListableBeanFactory     : Autowiring by type from bean name 'lifecycleProcessor' via factory method to bean named 'spring.lifecycle-org.springframework.boot.autoconfigure.context.LifecycleProperties'
2026-02-06T19:02:54.954-05:00 DEBUG 21219 --- [01-WebFlux] [           main] o.s.b.f.s.DefaultListableBeanFactory     : Creating shared instance of singleton bean 'org.springframework.boot.autoconfigure.dao.PersistenceExceptionTranslationAutoConfiguration'
2026-02-06T19:02:54.954-05:00 DEBUG 21219 --- [01-WebFlux] [           main] o.s.b.f.s.DefaultListableBeanFactory     : Creating shared instance of singleton bean 'org.springframework.boot.autoconfigure.data.r2dbc.R2dbcRepositoriesAutoConfiguration'
2026-02-06T19:02:54.955-05:00 DEBUG 21219 --- [01-WebFlux] [           main] o.s.b.f.s.DefaultListableBeanFactory     : Creating shared instance of singleton bean 'data-r2dbc.repository-aot-processor#0'
2026-02-06T19:02:54.956-05:00 DEBUG 21219 --- [01-WebFlux] [           main] o.s.b.f.s.DefaultListableBeanFactory     : Creating shared instance of singleton bean 'org.springframework.boot.autoconfigure.http.client.reactive.ClientHttpConnectorAutoConfiguration$ReactorNetty'
2026-02-06T19:02:54.956-05:00 DEBUG 21219 --- [01-WebFlux] [           main] o.s.b.f.s.DefaultListableBeanFactory     : Creating shared instance of singleton bean 'reactorResourceFactoryClientHttpConnectorBuilderCustomizer'
2026-02-06T19:02:54.957-05:00 DEBUG 21219 --- [01-WebFlux] [           main] o.s.b.f.s.DefaultListableBeanFactory     : Autowiring by type from bean name 'reactorResourceFactoryClientHttpConnectorBuilderCustomizer' via factory method to bean named 'reactorResourceFactory'
2026-02-06T19:02:54.957-05:00 DEBUG 21219 --- [01-WebFlux] [           main] o.s.b.f.s.DefaultListableBeanFactory     : Creating shared instance of singleton bean 'org.springframework.boot.autoconfigure.http.client.reactive.ClientHttpConnectorAutoConfiguration'
2026-02-06T19:02:54.958-05:00 DEBUG 21219 --- [01-WebFlux] [           main] o.s.b.f.s.DefaultListableBeanFactory     : Creating shared instance of singleton bean 'spring.http.reactiveclient-org.springframework.boot.autoconfigure.http.client.reactive.HttpReactiveClientProperties'
2026-02-06T19:02:54.959-05:00 DEBUG 21219 --- [01-WebFlux] [           main] o.s.b.f.s.DefaultListableBeanFactory     : Autowiring by type from bean name 'org.springframework.boot.autoconfigure.http.client.reactive.ClientHttpConnectorAutoConfiguration' via constructor to bean named 'spring.http.reactiveclient-org.springframework.boot.autoconfigure.http.client.reactive.HttpReactiveClientProperties'
2026-02-06T19:02:54.960-05:00 DEBUG 21219 --- [01-WebFlux] [           main] o.s.b.f.s.DefaultListableBeanFactory     : Creating shared instance of singleton bean 'clientHttpConnectorBuilder'
2026-02-06T19:02:54.961-05:00 DEBUG 21219 --- [01-WebFlux] [           main] o.s.b.f.s.DefaultListableBeanFactory     : Creating shared instance of singleton bean 'reactorNettyHttpClientMapperClientHttpConnectorBuilderCustomizer'
2026-02-06T19:02:54.961-05:00 DEBUG 21219 --- [01-WebFlux] [           main] o.s.b.f.s.DefaultListableBeanFactory     : Creating shared instance of singleton bean 'org.springframework.boot.autoconfigure.web.reactive.function.client.ClientHttpConnectorAutoConfiguration$ReactorNetty'
2026-02-06T19:02:54.964-05:00 DEBUG 21219 --- [01-WebFlux] [           main] o.s.b.f.s.DefaultListableBeanFactory     : Creating shared instance of singleton bean 'clientHttpConnectorSettings'
2026-02-06T19:02:54.965-05:00 DEBUG 21219 --- [01-WebFlux] [           main] o.s.b.f.s.DefaultListableBeanFactory     : Creating shared instance of singleton bean 'org.springframework.boot.autoconfigure.info.ProjectInfoAutoConfiguration'
2026-02-06T19:02:54.966-05:00 DEBUG 21219 --- [01-WebFlux] [           main] o.s.b.f.s.DefaultListableBeanFactory     : Creating shared instance of singleton bean 'spring.info-org.springframework.boot.autoconfigure.info.ProjectInfoProperties'
2026-02-06T19:02:54.967-05:00 DEBUG 21219 --- [01-WebFlux] [           main] o.s.b.f.s.DefaultListableBeanFactory     : Autowiring by type from bean name 'org.springframework.boot.autoconfigure.info.ProjectInfoAutoConfiguration' via constructor to bean named 'spring.info-org.springframework.boot.autoconfigure.info.ProjectInfoProperties'
2026-02-06T19:02:54.967-05:00 DEBUG 21219 --- [01-WebFlux] [           main] o.s.b.f.s.DefaultListableBeanFactory     : Creating shared instance of singleton bean 'org.springframework.boot.autoconfigure.netty.NettyAutoConfiguration'
2026-02-06T19:02:54.968-05:00 DEBUG 21219 --- [01-WebFlux] [           main] o.s.b.f.s.DefaultListableBeanFactory     : Creating shared instance of singleton bean 'spring.netty-org.springframework.boot.autoconfigure.netty.NettyProperties'
2026-02-06T19:02:54.968-05:00 DEBUG 21219 --- [01-WebFlux] [           main] o.s.b.f.s.DefaultListableBeanFactory     : Autowiring by type from bean name 'org.springframework.boot.autoconfigure.netty.NettyAutoConfiguration' via constructor to bean named 'spring.netty-org.springframework.boot.autoconfigure.netty.NettyProperties'
2026-02-06T19:02:54.968-05:00 DEBUG 21219 --- [01-WebFlux] [           main] o.s.b.f.s.DefaultListableBeanFactory     : Creating shared instance of singleton bean 'nettyAutoConfigurationLazyInitializationExcludeFilter'
2026-02-06T19:02:54.969-05:00 DEBUG 21219 --- [01-WebFlux] [           main] o.s.b.f.s.DefaultListableBeanFactory     : Creating shared instance of singleton bean 'org.springframework.boot.autoconfigure.reactor.ReactorAutoConfiguration'
2026-02-06T19:02:54.969-05:00 DEBUG 21219 --- [01-WebFlux] [           main] o.s.b.f.s.DefaultListableBeanFactory     : Creating shared instance of singleton bean 'spring.reactor-org.springframework.boot.autoconfigure.reactor.ReactorProperties'
2026-02-06T19:02:54.970-05:00 DEBUG 21219 --- [01-WebFlux] [           main] o.s.b.f.s.DefaultListableBeanFactory     : Autowiring by type from bean name 'org.springframework.boot.autoconfigure.reactor.ReactorAutoConfiguration' via constructor to bean named 'spring.reactor-org.springframework.boot.autoconfigure.reactor.ReactorProperties'
2026-02-06T19:02:54.970-05:00 DEBUG 21219 --- [01-WebFlux] [           main] o.s.b.f.s.DefaultListableBeanFactory     : Creating shared instance of singleton bean 'reactorAutoConfigurationLazyInitializationExcludeFilter'
2026-02-06T19:02:54.970-05:00 DEBUG 21219 --- [01-WebFlux] [           main] o.s.b.f.s.DefaultListableBeanFactory     : Creating shared instance of singleton bean 'org.springframework.boot.autoconfigure.security.oauth2.resource.reactive.ReactiveOAuth2ResourceServerAutoConfiguration'
2026-02-06T19:02:54.971-05:00 DEBUG 21219 --- [01-WebFlux] [           main] o.s.b.f.s.DefaultListableBeanFactory     : Creating shared instance of singleton bean 'spring.security.oauth2.resourceserver-org.springframework.boot.autoconfigure.security.oauth2.resource.OAuth2ResourceServerProperties'
2026-02-06T19:02:54.971-05:00 DEBUG 21219 --- [01-WebFlux] [           main] o.s.b.f.s.DefaultListableBeanFactory     : Creating shared instance of singleton bean 'requestDataValueProcessor'
2026-02-06T19:02:54.972-05:00 DEBUG 21219 --- [01-WebFlux] [           main] o.s.b.f.s.DefaultListableBeanFactory     : Creating shared instance of singleton bean 'org.springframework.security.config.annotation.web.reactive.ReactiveObservationConfiguration'
2026-02-06T19:02:54.972-05:00 DEBUG 21219 --- [01-WebFlux] [           main] o.s.b.f.s.DefaultListableBeanFactory     : Creating shared instance of singleton bean 'org.springframework.boot.autoconfigure.security.reactive.ReactiveSecurityAutoConfiguration$SpringBootWebFluxSecurityConfiguration$EnableWebFluxSecurityConfiguration'
2026-02-06T19:02:54.972-05:00 DEBUG 21219 --- [01-WebFlux] [           main] o.s.b.f.s.DefaultListableBeanFactory     : Creating shared instance of singleton bean 'org.springframework.boot.autoconfigure.security.reactive.ReactiveSecurityAutoConfiguration$SpringBootWebFluxSecurityConfiguration'
2026-02-06T19:02:54.973-05:00 DEBUG 21219 --- [01-WebFlux] [           main] o.s.b.f.s.DefaultListableBeanFactory     : Creating shared instance of singleton bean 'org.springframework.boot.autoconfigure.security.reactive.ReactiveSecurityAutoConfiguration'
2026-02-06T19:02:54.973-05:00 DEBUG 21219 --- [01-WebFlux] [           main] o.s.b.f.s.DefaultListableBeanFactory     : Creating shared instance of singleton bean 'spring.security-org.springframework.boot.autoconfigure.security.SecurityProperties'
2026-02-06T19:02:54.974-05:00 DEBUG 21219 --- [01-WebFlux] [           main] o.s.b.f.s.DefaultListableBeanFactory     : Creating shared instance of singleton bean 'org.springframework.boot.autoconfigure.security.servlet.SecurityAutoConfiguration'
2026-02-06T19:02:54.975-05:00 DEBUG 21219 --- [01-WebFlux] [           main] o.s.b.f.s.DefaultListableBeanFactory     : Creating shared instance of singleton bean 'authenticationEventPublisher'
2026-02-06T19:02:54.975-05:00 DEBUG 21219 --- [01-WebFlux] [           main] o.s.b.f.s.DefaultListableBeanFactory     : Autowiring by type from bean name 'authenticationEventPublisher' via factory method to bean named 'org.springframework.boot.web.reactive.context.AnnotationConfigReactiveWebServerApplicationContext@22f31dec'
2026-02-06T19:02:54.977-05:00 DEBUG 21219 --- [01-WebFlux] [           main] o.s.b.f.s.DefaultListableBeanFactory     : Creating shared instance of singleton bean 'org.springframework.boot.autoconfigure.sql.init.R2dbcInitializationConfiguration'
2026-02-06T19:02:54.978-05:00 DEBUG 21219 --- [01-WebFlux] [           main] o.s.b.f.s.DefaultListableBeanFactory     : Creating shared instance of singleton bean 'r2dbcScriptDatabaseInitializer'
2026-02-06T19:02:54.978-05:00 DEBUG 21219 --- [01-WebFlux] [           main] o.s.b.f.s.DefaultListableBeanFactory     : Creating shared instance of singleton bean 'spring.sql.init-org.springframework.boot.autoconfigure.sql.init.SqlInitializationProperties'
2026-02-06T19:02:54.979-05:00 DEBUG 21219 --- [01-WebFlux] [           main] o.s.b.f.s.DefaultListableBeanFactory     : Autowiring by type from bean name 'r2dbcScriptDatabaseInitializer' via factory method to bean named 'connectionFactory'
2026-02-06T19:02:54.979-05:00 DEBUG 21219 --- [01-WebFlux] [           main] o.s.b.f.s.DefaultListableBeanFactory     : Autowiring by type from bean name 'r2dbcScriptDatabaseInitializer' via factory method to bean named 'spring.sql.init-org.springframework.boot.autoconfigure.sql.init.SqlInitializationProperties'
2026-02-06T19:02:54.981-05:00 DEBUG 21219 --- [01-WebFlux] [           main] o.s.b.f.s.DefaultListableBeanFactory     : Creating shared instance of singleton bean 'org.springframework.boot.autoconfigure.sql.init.SqlInitializationAutoConfiguration'
2026-02-06T19:02:54.982-05:00 DEBUG 21219 --- [01-WebFlux] [           main] o.s.b.f.s.DefaultListableBeanFactory     : Creating shared instance of singleton bean 'org.springframework.boot.autoconfigure.task.TaskExecutorConfigurations$SimpleAsyncTaskExecutorBuilderConfiguration'
2026-02-06T19:02:54.982-05:00 DEBUG 21219 --- [01-WebFlux] [           main] o.s.b.f.s.DefaultListableBeanFactory     : Autowiring by type from bean name 'org.springframework.boot.autoconfigure.task.TaskExecutorConfigurations$SimpleAsyncTaskExecutorBuilderConfiguration' via constructor to bean named 'spring.task.execution-org.springframework.boot.autoconfigure.task.TaskExecutionProperties'
2026-02-06T19:02:54.983-05:00 DEBUG 21219 --- [01-WebFlux] [           main] o.s.b.f.s.DefaultListableBeanFactory     : Creating shared instance of singleton bean 'simpleAsyncTaskExecutorBuilder'
2026-02-06T19:02:54.984-05:00 DEBUG 21219 --- [01-WebFlux] [           main] o.s.b.f.s.DefaultListableBeanFactory     : Creating shared instance of singleton bean 'org.springframework.boot.autoconfigure.task.TaskExecutorConfigurations$AsyncConfigurerConfiguration'
2026-02-06T19:02:54.984-05:00 DEBUG 21219 --- [01-WebFlux] [           main] o.s.b.f.s.DefaultListableBeanFactory     : Creating shared instance of singleton bean 'applicationTaskExecutorAsyncConfigurer'
2026-02-06T19:02:54.985-05:00 DEBUG 21219 --- [01-WebFlux] [           main] o.s.b.f.s.DefaultListableBeanFactory     : Autowiring by type from bean name 'applicationTaskExecutorAsyncConfigurer' via factory method to bean named 'org.springframework.beans.factory.support.DefaultListableBeanFactory@e98770d'
2026-02-06T19:02:54.985-05:00 DEBUG 21219 --- [01-WebFlux] [           main] o.s.b.f.s.DefaultListableBeanFactory     : Creating shared instance of singleton bean 'org.springframework.boot.autoconfigure.task.TaskExecutorConfigurations$BootstrapExecutorConfiguration'
2026-02-06T19:02:54.986-05:00 DEBUG 21219 --- [01-WebFlux] [           main] o.s.b.f.s.DefaultListableBeanFactory     : Creating shared instance of singleton bean 'org.springframework.boot.autoconfigure.task.TaskExecutionAutoConfiguration'
2026-02-06T19:02:54.986-05:00 DEBUG 21219 --- [01-WebFlux] [           main] o.s.b.f.s.DefaultListableBeanFactory     : Creating shared instance of singleton bean 'org.springframework.boot.autoconfigure.task.TaskSchedulingConfigurations$ThreadPoolTaskSchedulerBuilderConfiguration'
2026-02-06T19:02:54.986-05:00 DEBUG 21219 --- [01-WebFlux] [           main] o.s.b.f.s.DefaultListableBeanFactory     : Creating shared instance of singleton bean 'threadPoolTaskSchedulerBuilder'
2026-02-06T19:02:54.987-05:00 DEBUG 21219 --- [01-WebFlux] [           main] o.s.b.f.s.DefaultListableBeanFactory     : Creating shared instance of singleton bean 'spring.task.scheduling-org.springframework.boot.autoconfigure.task.TaskSchedulingProperties'
2026-02-06T19:02:54.988-05:00 DEBUG 21219 --- [01-WebFlux] [           main] o.s.b.f.s.DefaultListableBeanFactory     : Autowiring by type from bean name 'threadPoolTaskSchedulerBuilder' via factory method to bean named 'spring.task.scheduling-org.springframework.boot.autoconfigure.task.TaskSchedulingProperties'
2026-02-06T19:02:54.988-05:00 DEBUG 21219 --- [01-WebFlux] [           main] o.s.b.f.s.DefaultListableBeanFactory     : Creating shared instance of singleton bean 'org.springframework.boot.autoconfigure.task.TaskSchedulingConfigurations$SimpleAsyncTaskSchedulerBuilderConfiguration'
2026-02-06T19:02:54.989-05:00 DEBUG 21219 --- [01-WebFlux] [           main] o.s.b.f.s.DefaultListableBeanFactory     : Autowiring by type from bean name 'org.springframework.boot.autoconfigure.task.TaskSchedulingConfigurations$SimpleAsyncTaskSchedulerBuilderConfiguration' via constructor to bean named 'spring.task.scheduling-org.springframework.boot.autoconfigure.task.TaskSchedulingProperties'
2026-02-06T19:02:54.989-05:00 DEBUG 21219 --- [01-WebFlux] [           main] o.s.b.f.s.DefaultListableBeanFactory     : Creating shared instance of singleton bean 'simpleAsyncTaskSchedulerBuilder'
2026-02-06T19:02:54.991-05:00 DEBUG 21219 --- [01-WebFlux] [           main] o.s.b.f.s.DefaultListableBeanFactory     : Creating shared instance of singleton bean 'org.springframework.boot.autoconfigure.task.TaskSchedulingAutoConfiguration'
2026-02-06T19:02:54.991-05:00 DEBUG 21219 --- [01-WebFlux] [           main] o.s.b.f.s.DefaultListableBeanFactory     : Creating shared instance of singleton bean 'org.springframework.boot.autoconfigure.jdbc.DataSourceTransactionManagerAutoConfiguration'
2026-02-06T19:02:54.992-05:00 DEBUG 21219 --- [01-WebFlux] [           main] o.s.b.f.s.DefaultListableBeanFactory     : Creating shared instance of singleton bean 'org.springframework.boot.autoconfigure.r2dbc.R2dbcTransactionManagerAutoConfiguration'
2026-02-06T19:02:54.992-05:00 DEBUG 21219 --- [01-WebFlux] [           main] o.s.b.f.s.DefaultListableBeanFactory     : Creating shared instance of singleton bean 'connectionFactoryTransactionManager'
2026-02-06T19:02:54.992-05:00 DEBUG 21219 --- [01-WebFlux] [           main] o.s.b.f.s.DefaultListableBeanFactory     : Autowiring by type from bean name 'connectionFactoryTransactionManager' via factory method to bean named 'connectionFactory'
2026-02-06T19:02:54.996-05:00 DEBUG 21219 --- [01-WebFlux] [           main] o.s.b.f.s.DefaultListableBeanFactory     : Creating shared instance of singleton bean 'org.springframework.boot.autoconfigure.transaction.TransactionAutoConfiguration$EnableTransactionManagementConfiguration$CglibAutoProxyConfiguration'
2026-02-06T19:02:54.996-05:00 DEBUG 21219 --- [01-WebFlux] [           main] o.s.b.f.s.DefaultListableBeanFactory     : Creating shared instance of singleton bean 'org.springframework.boot.autoconfigure.transaction.TransactionAutoConfiguration$EnableTransactionManagementConfiguration'
2026-02-06T19:02:54.997-05:00 DEBUG 21219 --- [01-WebFlux] [           main] o.s.b.f.s.DefaultListableBeanFactory     : Creating shared instance of singleton bean 'org.springframework.boot.autoconfigure.transaction.TransactionAutoConfiguration'
2026-02-06T19:02:54.997-05:00 DEBUG 21219 --- [01-WebFlux] [           main] o.s.b.f.s.DefaultListableBeanFactory     : Creating shared instance of singleton bean 'transactionalOperator'
2026-02-06T19:02:54.997-05:00 DEBUG 21219 --- [01-WebFlux] [           main] o.s.b.f.s.DefaultListableBeanFactory     : Autowiring by type from bean name 'transactionalOperator' via factory method to bean named 'connectionFactoryTransactionManager'
2026-02-06T19:02:54.999-05:00 DEBUG 21219 --- [01-WebFlux] [           main] o.s.b.f.s.DefaultListableBeanFactory     : Creating shared instance of singleton bean 'org.springframework.boot.autoconfigure.web.embedded.EmbeddedWebServerFactoryCustomizerAutoConfiguration'
2026-02-06T19:02:54.999-05:00 DEBUG 21219 --- [01-WebFlux] [           main] o.s.b.f.s.DefaultListableBeanFactory     : Creating shared instance of singleton bean 'org.springframework.boot.autoconfigure.web.reactive.function.client.ClientHttpConnectorAutoConfiguration'
2026-02-06T19:02:54.999-05:00 DEBUG 21219 --- [01-WebFlux] [           main] o.s.b.f.s.DefaultListableBeanFactory     : Creating shared instance of singleton bean 'org.springframework.boot.autoconfigure.web.reactive.function.client.WebClientAutoConfiguration$WebClientCodecsConfiguration'
2026-02-06T19:02:55.000-05:00 DEBUG 21219 --- [01-WebFlux] [           main] o.s.b.f.s.DefaultListableBeanFactory     : Creating shared instance of singleton bean 'exchangeStrategiesCustomizer'
2026-02-06T19:02:55.000-05:00 DEBUG 21219 --- [01-WebFlux] [           main] o.s.b.f.s.DefaultListableBeanFactory     : Creating shared instance of singleton bean 'org.springframework.boot.autoconfigure.web.reactive.function.client.WebClientAutoConfiguration'
2026-02-06T19:02:55.000-05:00 DEBUG 21219 --- [01-WebFlux] [           main] o.s.b.f.s.DefaultListableBeanFactory     : Creating shared instance of singleton bean 'webClientSsl'
2026-02-06T19:02:55.001-05:00 DEBUG 21219 --- [01-WebFlux] [           main] o.s.b.f.s.DefaultListableBeanFactory     : Autowiring by type from bean name 'webClientSsl' via factory method to bean named 'clientHttpConnectorBuilder'
2026-02-06T19:02:55.001-05:00 DEBUG 21219 --- [01-WebFlux] [           main] o.s.b.f.s.DefaultListableBeanFactory     : Autowiring by type from bean name 'webClientSsl' via factory method to bean named 'clientHttpConnectorSettings'
2026-02-06T19:02:55.001-05:00 DEBUG 21219 --- [01-WebFlux] [           main] o.s.b.f.s.DefaultListableBeanFactory     : Autowiring by type from bean name 'webClientSsl' via factory method to bean named 'sslBundleRegistry'
2026-02-06T19:02:55.007-05:00 DEBUG 21219 --- [01-WebFlux] [           main] o.s.c.support.DefaultLifecycleProcessor  : Starting beans in phase -2147483647
2026-02-06T19:02:55.007-05:00 DEBUG 21219 --- [01-WebFlux] [           main] o.s.c.support.DefaultLifecycleProcessor  : Successfully started bean 'springBootLoggingLifecycle'
2026-02-06T19:02:55.007-05:00 DEBUG 21219 --- [01-WebFlux] [           main] o.s.c.support.DefaultLifecycleProcessor  : Starting beans in phase 0
2026-02-06T19:02:55.010-05:00 DEBUG 21219 --- [01-WebFlux] [           main] o.s.c.support.DefaultLifecycleProcessor  : Successfully started bean 'reactorResourceFactory'
2026-02-06T19:02:55.010-05:00 DEBUG 21219 --- [01-WebFlux] [           main] o.s.c.support.DefaultLifecycleProcessor  : Starting beans in phase 1073741823
2026-02-06T19:02:55.010-05:00 DEBUG 21219 --- [01-WebFlux] [           main] o.s.c.support.DefaultLifecycleProcessor  : Starting beans in phase 2147481599
2026-02-06T19:02:55.060-05:00  INFO 21219 --- [01-WebFlux] [           main] o.s.b.web.embedded.netty.NettyWebServer  : Netty started on port 8080 (http)
2026-02-06T19:02:55.061-05:00 DEBUG 21219 --- [01-WebFlux] [           main] o.s.c.support.DefaultLifecycleProcessor  : Successfully started bean 'webServerStartStop'
2026-02-06T19:02:55.061-05:00 DEBUG 21219 --- [01-WebFlux] [           main] o.s.c.support.DefaultLifecycleProcessor  : Starting beans in phase 2147482623
2026-02-06T19:02:55.061-05:00 DEBUG 21219 --- [01-WebFlux] [           main] o.s.c.support.DefaultLifecycleProcessor  : Successfully started bean 'webServerGracefulShutdown'
2026-02-06T19:02:55.067-05:00 DEBUG 21219 --- [01-WebFlux] [           main] .s.b.a.l.ConditionEvaluationReportLogger : 


============================
CONDITIONS EVALUATION REPORT
============================


Positive matches:
-----------------

   AopAutoConfiguration matched:
      - @ConditionalOnBooleanProperty (spring.aop.auto=true) matched (OnPropertyCondition)

   AopAutoConfiguration.ClassProxyingConfiguration matched:
      - @ConditionalOnMissingClass did not find unwanted class 'org.aspectj.weaver.Advice' (OnClassCondition)
      - @ConditionalOnBooleanProperty (spring.aop.proxy-target-class=true) matched (OnPropertyCondition)

   ApplicationAvailabilityAutoConfiguration#applicationAvailability matched:
      - @ConditionalOnMissingBean (types: org.springframework.boot.availability.ApplicationAvailability; SearchStrategy: all) did not find any beans (OnBeanCondition)

   org.springframework.boot.autoconfigure.http.client.reactive.ClientHttpConnectorAutoConfiguration matched:
      - @ConditionalOnClass found required classes 'org.springframework.http.client.reactive.ClientHttpConnector', 'reactor.core.publisher.Mono' (OnClassCondition)
      - Detected ClientHttpConnectorBuilder (ConditionalOnClientHttpConnectorBuilderDetection)

   org.springframework.boot.autoconfigure.web.reactive.function.client.ClientHttpConnectorAutoConfiguration matched:
      - @ConditionalOnClass found required class 'org.springframework.web.reactive.function.client.WebClient' (OnClassCondition)

   ClientHttpConnectorAutoConfiguration#clientHttpConnector matched:
      - @ConditionalOnMissingBean (types: org.springframework.http.client.reactive.ClientHttpConnector; SearchStrategy: all) did not find any beans (OnBeanCondition)

   ClientHttpConnectorAutoConfiguration#clientHttpConnectorBuilder matched:
      - @ConditionalOnMissingBean (types: org.springframework.boot.http.client.reactive.ClientHttpConnectorBuilder<?>; SearchStrategy: all) did not find any beans (OnBeanCondition)

   ClientHttpConnectorAutoConfiguration#clientHttpConnectorSettings matched:
      - @ConditionalOnMissingBean (types: org.springframework.boot.http.client.reactive.ClientHttpConnectorSettings; SearchStrategy: all) did not find any beans (OnBeanCondition)

   org.springframework.boot.autoconfigure.http.client.reactive.ClientHttpConnectorAutoConfiguration$ReactorNetty matched:
      - @ConditionalOnClass found required class 'reactor.netty.http.client.HttpClient' (OnClassCondition)

   org.springframework.boot.autoconfigure.web.reactive.function.client.ClientHttpConnectorAutoConfiguration$ReactorNetty matched:
      - @ConditionalOnClass found required class 'reactor.netty.http.client.HttpClient' (OnClassCondition)

   CodecsAutoConfiguration matched:
      - @ConditionalOnClass found required classes 'org.springframework.http.codec.CodecConfigurer', 'org.springframework.web.reactive.function.client.WebClient' (OnClassCondition)

   CodecsAutoConfiguration.JacksonCodecConfiguration matched:
      - @ConditionalOnClass found required class 'com.fasterxml.jackson.databind.ObjectMapper' (OnClassCondition)

   CodecsAutoConfiguration.JacksonCodecConfiguration#jacksonCodecCustomizer matched:
      - @ConditionalOnBean (types: com.fasterxml.jackson.databind.ObjectMapper; SearchStrategy: all) found bean 'jacksonObjectMapper' (OnBeanCondition)

   ConnectionFactoryConfigurations.PoolConfiguration matched:
      - Property-based pooling is enabled (ConnectionFactoryConfigurations.PooledConnectionFactoryCondition)
      - @ConditionalOnMissingBean (types: io.r2dbc.spi.ConnectionFactory; SearchStrategy: all) did not find any beans (OnBeanCondition)

   ConnectionFactoryConfigurations.PoolConfiguration.PooledConnectionFactoryConfiguration matched:
      - @ConditionalOnClass found required class 'io.r2dbc.pool.ConnectionPool' (OnClassCondition)

   ConnectionFactoryDependentConfiguration matched:
      - @ConditionalOnClass found required class 'org.springframework.r2dbc.core.DatabaseClient' (OnClassCondition)
      - @ConditionalOnSingleCandidate (types: io.r2dbc.spi.ConnectionFactory; SearchStrategy: all) found a single bean 'connectionFactory' (OnBeanCondition)

   ConnectionFactoryDependentConfiguration#r2dbcDatabaseClient matched:
      - @ConditionalOnMissingBean (types: org.springframework.r2dbc.core.DatabaseClient; SearchStrategy: all) did not find any beans (OnBeanCondition)

   DataSourceTransactionManagerAutoConfiguration matched:
      - @ConditionalOnClass found required classes 'javax.sql.DataSource', 'org.springframework.jdbc.core.JdbcTemplate', 'org.springframework.transaction.TransactionManager' (OnClassCondition)

   EmbeddedWebServerFactoryCustomizerAutoConfiguration matched:
      - @ConditionalOnWebApplication (required) found ConfigurableReactiveWebEnvironment (OnWebApplicationCondition)
      - @ConditionalOnWarDeployment the application is not deployed as a WAR file. (OnWarDeploymentCondition)

   EmbeddedWebServerFactoryCustomizerAutoConfiguration.NettyWebServerFactoryCustomizerConfiguration matched:
      - @ConditionalOnClass found required class 'reactor.netty.http.server.HttpServer' (OnClassCondition)

   ErrorWebFluxAutoConfiguration matched:
      - @ConditionalOnClass found required class 'org.springframework.web.reactive.config.WebFluxConfigurer' (OnClassCondition)
      - found ConfigurableReactiveWebEnvironment (OnWebApplicationCondition)

   ErrorWebFluxAutoConfiguration#errorAttributes matched:
      - @ConditionalOnMissingBean (types: org.springframework.boot.web.reactive.error.ErrorAttributes; SearchStrategy: current) did not find any beans (OnBeanCondition)

   ErrorWebFluxAutoConfiguration#errorWebExceptionHandler matched:
      - @ConditionalOnMissingBean (types: org.springframework.boot.web.reactive.error.ErrorWebExceptionHandler; SearchStrategy: current) did not find any beans (OnBeanCondition)

   GenericCacheConfiguration matched:
      - Cache org.springframework.boot.autoconfigure.cache.GenericCacheConfiguration automatic cache type (CacheCondition)

   HttpHandlerAutoConfiguration matched:
      - @ConditionalOnClass found required classes 'org.springframework.web.reactive.DispatcherHandler', 'org.springframework.http.server.reactive.HttpHandler' (OnClassCondition)
      - found ConfigurableReactiveWebEnvironment (OnWebApplicationCondition)
      - @ConditionalOnMissingBean (types: org.springframework.http.server.reactive.HttpHandler; SearchStrategy: all) did not find any beans (OnBeanCondition)

   JacksonAutoConfiguration matched:
      - @ConditionalOnClass found required class 'com.fasterxml.jackson.databind.ObjectMapper' (OnClassCondition)

   JacksonAutoConfiguration.Jackson2ObjectMapperBuilderCustomizerConfiguration matched:
      - @ConditionalOnClass found required class 'org.springframework.http.converter.json.Jackson2ObjectMapperBuilder' (OnClassCondition)

   JacksonAutoConfiguration.JacksonObjectMapperBuilderConfiguration matched:
      - @ConditionalOnClass found required class 'org.springframework.http.converter.json.Jackson2ObjectMapperBuilder' (OnClassCondition)

   JacksonAutoConfiguration.JacksonObjectMapperBuilderConfiguration#jacksonObjectMapperBuilder matched:
      - @ConditionalOnMissingBean (types: org.springframework.http.converter.json.Jackson2ObjectMapperBuilder; SearchStrategy: all) did not find any beans (OnBeanCondition)

   JacksonAutoConfiguration.JacksonObjectMapperConfiguration matched:
      - @ConditionalOnClass found required class 'org.springframework.http.converter.json.Jackson2ObjectMapperBuilder' (OnClassCondition)

   JacksonAutoConfiguration.JacksonObjectMapperConfiguration#jacksonObjectMapper matched:
      - @ConditionalOnMissingBean (types: com.fasterxml.jackson.databind.ObjectMapper; SearchStrategy: all) did not find any beans (OnBeanCondition)

   JacksonAutoConfiguration.ParameterNamesModuleConfiguration matched:
      - @ConditionalOnClass found required class 'com.fasterxml.jackson.module.paramnames.ParameterNamesModule' (OnClassCondition)

   JacksonAutoConfiguration.ParameterNamesModuleConfiguration#parameterNamesModule matched:
      - @ConditionalOnMissingBean (types: com.fasterxml.jackson.module.paramnames.ParameterNamesModule; SearchStrategy: all) did not find any beans (OnBeanCondition)

   LifecycleAutoConfiguration#defaultLifecycleProcessor matched:
      - @ConditionalOnMissingBean (names: lifecycleProcessor; SearchStrategy: current) did not find any beans (OnBeanCondition)

   NettyAutoConfiguration matched:
      - @ConditionalOnClass found required class 'io.netty.util.NettyRuntime' (OnClassCondition)

   NoOpCacheConfiguration matched:
      - Cache org.springframework.boot.autoconfigure.cache.NoOpCacheConfiguration automatic cache type (CacheCondition)

   PersistenceExceptionTranslationAutoConfiguration matched:
      - @ConditionalOnClass found required class 'org.springframework.dao.annotation.PersistenceExceptionTranslationPostProcessor' (OnClassCondition)

   PersistenceExceptionTranslationAutoConfiguration#persistenceExceptionTranslationPostProcessor matched:
      - @ConditionalOnBooleanProperty (spring.dao.exceptiontranslation.enabled=true) matched (OnPropertyCondition)
      - @ConditionalOnMissingBean (types: org.springframework.dao.annotation.PersistenceExceptionTranslationPostProcessor; SearchStrategy: all) did not find any beans (OnBeanCondition)

   PropertyPlaceholderAutoConfiguration#propertySourcesPlaceholderConfigurer matched:
      - @ConditionalOnMissingBean (types: org.springframework.context.support.PropertySourcesPlaceholderConfigurer; SearchStrategy: current) did not find any beans (OnBeanCondition)

   R2dbcAutoConfiguration matched:
      - @ConditionalOnClass found required class 'io.r2dbc.spi.ConnectionFactory' (OnClassCondition)
      - @ConditionalOnResource found location classpath:META-INF/services/io.r2dbc.spi.ConnectionFactoryProvider (OnResourceCondition)

   R2dbcAutoConfiguration#propertiesR2dbcConnectionDetails matched:
      - @ConditionalOnProperty (spring.r2dbc.url) matched (OnPropertyCondition)
      - @ConditionalOnMissingBean (types: org.springframework.boot.autoconfigure.r2dbc.R2dbcConnectionDetails; SearchStrategy: all) did not find any beans (OnBeanCondition)

   R2dbcDataAutoConfiguration matched:
      - @ConditionalOnClass found required classes 'org.springframework.r2dbc.core.DatabaseClient', 'org.springframework.data.r2dbc.core.R2dbcEntityTemplate' (OnClassCondition)
      - @ConditionalOnSingleCandidate (types: org.springframework.r2dbc.core.DatabaseClient; SearchStrategy: all) found a single bean 'r2dbcDatabaseClient' (OnBeanCondition)

   R2dbcDataAutoConfiguration#r2dbcConverter matched:
      - @ConditionalOnMissingBean (types: org.springframework.data.r2dbc.convert.MappingR2dbcConverter; SearchStrategy: all) did not find any beans (OnBeanCondition)

   R2dbcDataAutoConfiguration#r2dbcCustomConversions matched:
      - @ConditionalOnMissingBean (types: org.springframework.data.r2dbc.convert.R2dbcCustomConversions; SearchStrategy: all) did not find any beans (OnBeanCondition)

   R2dbcDataAutoConfiguration#r2dbcEntityTemplate matched:
      - @ConditionalOnMissingBean (types: org.springframework.data.r2dbc.core.R2dbcEntityTemplate; SearchStrategy: all) did not find any beans (OnBeanCondition)

   R2dbcDataAutoConfiguration#r2dbcManagedTypes matched:
      - @ConditionalOnMissingBean (types: org.springframework.data.relational.RelationalManagedTypes; SearchStrategy: all) did not find any beans (OnBeanCondition)

   R2dbcDataAutoConfiguration#r2dbcMappingContext matched:
      - @ConditionalOnMissingBean (types: org.springframework.data.r2dbc.mapping.R2dbcMappingContext; SearchStrategy: all) did not find any beans (OnBeanCondition)

   R2dbcInitializationConfiguration matched:
      - @ConditionalOnClass found required classes 'io.r2dbc.spi.ConnectionFactory', 'org.springframework.r2dbc.connection.init.DatabasePopulator' (OnClassCondition)
      - @ConditionalOnSingleCandidate (types: io.r2dbc.spi.ConnectionFactory; SearchStrategy: all) found a single bean 'connectionFactory'; @ConditionalOnMissingBean (types: org.springframework.boot.autoconfigure.sql.init.SqlR2dbcScriptDatabaseInitializer,org.springframework.boot.autoconfigure.sql.init.SqlDataSourceScriptDatabaseInitializer; SearchStrategy: all) did not find any beans (OnBeanCondition)

   R2dbcRepositoriesAutoConfiguration matched:
      - @ConditionalOnClass found required classes 'io.r2dbc.spi.ConnectionFactory', 'org.springframework.data.r2dbc.repository.R2dbcRepository' (OnClassCondition)
      - @ConditionalOnBooleanProperty (spring.data.r2dbc.repositories.enabled=true) matched (OnPropertyCondition)
      - @ConditionalOnBean (types: org.springframework.r2dbc.core.DatabaseClient; SearchStrategy: all) found bean 'r2dbcDatabaseClient'; @ConditionalOnMissingBean (types: org.springframework.data.r2dbc.repository.support.R2dbcRepositoryFactoryBean; SearchStrategy: all) did not find any beans (OnBeanCondition)

   R2dbcTransactionManagerAutoConfiguration matched:
      - @ConditionalOnClass found required classes 'org.springframework.r2dbc.connection.R2dbcTransactionManager', 'org.springframework.transaction.ReactiveTransactionManager' (OnClassCondition)
      - @ConditionalOnSingleCandidate (types: io.r2dbc.spi.ConnectionFactory; SearchStrategy: all) found a single bean 'connectionFactory' (OnBeanCondition)

   R2dbcTransactionManagerAutoConfiguration#connectionFactoryTransactionManager matched:
      - @ConditionalOnMissingBean (types: org.springframework.transaction.ReactiveTransactionManager; SearchStrategy: all) did not find any beans (OnBeanCondition)

   ReactiveMultipartAutoConfiguration matched:
      - @ConditionalOnClass found required classes 'org.springframework.http.codec.multipart.DefaultPartHttpMessageReader', 'org.springframework.web.reactive.config.WebFluxConfigurer' (OnClassCondition)
      - found ConfigurableReactiveWebEnvironment (OnWebApplicationCondition)

   ReactiveOAuth2ResourceServerAutoConfiguration matched:
      - @ConditionalOnClass found required class 'org.springframework.security.config.annotation.web.reactive.EnableWebFluxSecurity' (OnClassCondition)
      - found ConfigurableReactiveWebEnvironment (OnWebApplicationCondition)

   ReactiveSecurityAutoConfiguration matched:
      - @ConditionalOnClass found required classes 'reactor.core.publisher.Flux', 'org.springframework.security.config.annotation.web.reactive.EnableWebFluxSecurity', 'org.springframework.security.web.server.WebFilterChainProxy', 'org.springframework.web.reactive.config.WebFluxConfigurer' (OnClassCondition)

   ReactiveSecurityAutoConfiguration.SpringBootWebFluxSecurityConfiguration matched:
      - found ConfigurableReactiveWebEnvironment (OnWebApplicationCondition)

   ReactiveSecurityAutoConfiguration.SpringBootWebFluxSecurityConfiguration.EnableWebFluxSecurityConfiguration matched:
      - @ConditionalOnMissingBean (types: org.springframework.security.web.server.WebFilterChainProxy; SearchStrategy: all) did not find any beans (OnBeanCondition)

   ReactiveWebServerFactoryAutoConfiguration matched:
      - @ConditionalOnClass found required class 'org.springframework.http.ReactiveHttpInputMessage' (OnClassCondition)
      - found ConfigurableReactiveWebEnvironment (OnWebApplicationCondition)

   ReactiveWebServerFactoryConfiguration.EmbeddedNetty matched:
      - @ConditionalOnClass found required class 'reactor.netty.http.server.HttpServer' (OnClassCondition)
      - @ConditionalOnMissingBean (types: org.springframework.boot.web.reactive.server.ReactiveWebServerFactory; SearchStrategy: all) did not find any beans (OnBeanCondition)

   ReactorAutoConfiguration matched:
      - @ConditionalOnClass found required class 'reactor.core.publisher.Hooks' (OnClassCondition)

   ReactorNettyConfigurations.ReactorResourceFactoryConfiguration#reactorResourceFactory matched:
      - @ConditionalOnMissingBean (types: org.springframework.http.client.ReactorResourceFactory; SearchStrategy: all) did not find any beans (OnBeanCondition)

   SecurityAutoConfiguration matched:
      - @ConditionalOnClass found required class 'org.springframework.security.authentication.DefaultAuthenticationEventPublisher' (OnClassCondition)

   SecurityAutoConfiguration#authenticationEventPublisher matched:
      - @ConditionalOnMissingBean (types: org.springframework.security.authentication.AuthenticationEventPublisher; SearchStrategy: all) did not find any beans (OnBeanCondition)

   SimpleCacheConfiguration matched:
      - Cache org.springframework.boot.autoconfigure.cache.SimpleCacheConfiguration automatic cache type (CacheCondition)

   SqlInitializationAutoConfiguration matched:
      - @ConditionalOnBooleanProperty (spring.sql.init.enabled=true) matched (OnPropertyCondition)
      - NoneNestedConditions 0 matched 1 did not; NestedCondition on SqlInitializationAutoConfiguration.SqlInitializationModeCondition.ModeIsNever @ConditionalOnProperty (spring.sql.init.mode=never) did not find property 'spring.sql.init.mode' (SqlInitializationAutoConfiguration.SqlInitializationModeCondition)

   SslAutoConfiguration#sslBundleRegistry matched:
      - @ConditionalOnMissingBean (types: org.springframework.boot.ssl.SslBundleRegistry,org.springframework.boot.ssl.SslBundles; SearchStrategy: all) did not find any beans (OnBeanCondition)

   TaskExecutionAutoConfiguration matched:
      - @ConditionalOnClass found required class 'org.springframework.scheduling.concurrent.ThreadPoolTaskExecutor' (OnClassCondition)

   TaskExecutorConfigurations.AsyncConfigurerConfiguration matched:
      - @ConditionalOnMissingBean (types: org.springframework.scheduling.annotation.AsyncConfigurer; SearchStrategy: all) did not find any beans (OnBeanCondition)

   TaskExecutorConfigurations.AsyncConfigurerConfiguration#applicationTaskExecutorAsyncConfigurer matched:
      - @ConditionalOnMissingBean (types: org.springframework.scheduling.annotation.AsyncConfigurer; SearchStrategy: all) did not find any beans (OnBeanCondition)

   TaskExecutorConfigurations.SimpleAsyncTaskExecutorBuilderConfiguration#simpleAsyncTaskExecutorBuilder matched:
      - @ConditionalOnMissingBean (types: org.springframework.boot.task.SimpleAsyncTaskExecutorBuilder; SearchStrategy: all) did not find any beans (OnBeanCondition)
      - @ConditionalOnThreading found PLATFORM (OnThreadingCondition)

   TaskExecutorConfigurations.TaskExecutorConfiguration matched:
      - AnyNestedCondition 1 matched 1 did not; NestedCondition on TaskExecutorConfigurations.OnExecutorCondition.ModelCondition @ConditionalOnProperty (spring.task.execution.mode=force) did not find property 'spring.task.execution.mode'; NestedCondition on TaskExecutorConfigurations.OnExecutorCondition.ExecutorBeanCondition @ConditionalOnMissingBean (types: java.util.concurrent.Executor; SearchStrategy: all) did not find any beans (TaskExecutorConfigurations.OnExecutorCondition)

   TaskExecutorConfigurations.TaskExecutorConfiguration#applicationTaskExecutor matched:
      - @ConditionalOnThreading found PLATFORM (OnThreadingCondition)

   TaskExecutorConfigurations.ThreadPoolTaskExecutorBuilderConfiguration#threadPoolTaskExecutorBuilder matched:
      - @ConditionalOnMissingBean (types: org.springframework.boot.task.ThreadPoolTaskExecutorBuilder; SearchStrategy: all) did not find any beans (OnBeanCondition)

   TaskSchedulingAutoConfiguration matched:
      - @ConditionalOnClass found required class 'org.springframework.scheduling.concurrent.ThreadPoolTaskScheduler' (OnClassCondition)

   TaskSchedulingConfigurations.SimpleAsyncTaskSchedulerBuilderConfiguration#simpleAsyncTaskSchedulerBuilder matched:
      - @ConditionalOnMissingBean (types: org.springframework.boot.task.SimpleAsyncTaskSchedulerBuilder; SearchStrategy: all) did not find any beans (OnBeanCondition)
      - @ConditionalOnThreading found PLATFORM (OnThreadingCondition)

   TaskSchedulingConfigurations.ThreadPoolTaskSchedulerBuilderConfiguration#threadPoolTaskSchedulerBuilder matched:
      - @ConditionalOnMissingBean (types: org.springframework.boot.task.ThreadPoolTaskSchedulerBuilder; SearchStrategy: all) did not find any beans (OnBeanCondition)

   TransactionAutoConfiguration matched:
      - @ConditionalOnClass found required class 'org.springframework.transaction.PlatformTransactionManager' (OnClassCondition)

   TransactionAutoConfiguration#transactionalOperator matched:
      - @ConditionalOnSingleCandidate (types: org.springframework.transaction.ReactiveTransactionManager; SearchStrategy: all) found a single bean 'connectionFactoryTransactionManager'; @ConditionalOnMissingBean (types: org.springframework.transaction.reactive.TransactionalOperator; SearchStrategy: all) did not find any beans (OnBeanCondition)

   TransactionAutoConfiguration.EnableTransactionManagementConfiguration matched:
      - @ConditionalOnBean (types: org.springframework.transaction.TransactionManager; SearchStrategy: all) found bean 'connectionFactoryTransactionManager'; @ConditionalOnMissingBean (types: org.springframework.transaction.annotation.AbstractTransactionManagementConfiguration; SearchStrategy: all) did not find any beans (OnBeanCondition)

   TransactionAutoConfiguration.EnableTransactionManagementConfiguration.CglibAutoProxyConfiguration matched:
      - @ConditionalOnBooleanProperty (spring.aop.proxy-target-class=true) matched (OnPropertyCondition)

   TransactionManagerCustomizationAutoConfiguration matched:
      - @ConditionalOnClass found required class 'org.springframework.transaction.PlatformTransactionManager' (OnClassCondition)

   TransactionManagerCustomizationAutoConfiguration#platformTransactionManagerCustomizers matched:
      - @ConditionalOnMissingBean (types: org.springframework.boot.autoconfigure.transaction.TransactionManagerCustomizers; SearchStrategy: all) did not find any beans (OnBeanCondition)

   ValidationAutoConfiguration matched:
      - @ConditionalOnClass found required class 'jakarta.validation.executable.ExecutableValidator' (OnClassCondition)
      - @ConditionalOnResource found location classpath:META-INF/services/jakarta.validation.spi.ValidationProvider (OnResourceCondition)

   ValidationAutoConfiguration#defaultValidator matched:
      - @ConditionalOnMissingBean (types: jakarta.validation.Validator; SearchStrategy: all) did not find any beans (OnBeanCondition)

   ValidationAutoConfiguration#methodValidationPostProcessor matched:
      - @ConditionalOnMissingBean (types: org.springframework.validation.beanvalidation.MethodValidationPostProcessor; SearchStrategy: current) did not find any beans (OnBeanCondition)

   WebClientAutoConfiguration matched:
      - @ConditionalOnClass found required class 'org.springframework.web.reactive.function.client.WebClient' (OnClassCondition)

   WebClientAutoConfiguration#webClientBuilder matched:
      - @ConditionalOnMissingBean (types: org.springframework.web.reactive.function.client.WebClient$Builder; SearchStrategy: all) did not find any beans (OnBeanCondition)

   WebClientAutoConfiguration#webClientHttpConnectorCustomizer matched:
      - @ConditionalOnBean (types: org.springframework.http.client.reactive.ClientHttpConnector; SearchStrategy: all) found bean 'clientHttpConnector' (OnBeanCondition)

   WebClientAutoConfiguration#webClientSsl matched:
      - @ConditionalOnBean (types: org.springframework.boot.ssl.SslBundles; SearchStrategy: all) found bean 'sslBundleRegistry'; @ConditionalOnMissingBean (types: org.springframework.boot.autoconfigure.web.reactive.function.client.WebClientSsl; SearchStrategy: all) did not find any beans (OnBeanCondition)

   WebClientAutoConfiguration.WebClientCodecsConfiguration matched:
      - @ConditionalOnBean (types: org.springframework.boot.web.codec.CodecCustomizer; SearchStrategy: all) found beans 'jacksonCodecCustomizer', 'defaultCodecCustomizer', 'defaultPartHttpMessageReaderCustomizer' (OnBeanCondition)

   WebClientAutoConfiguration.WebClientCodecsConfiguration#exchangeStrategiesCustomizer matched:
      - @ConditionalOnMissingBean (types: org.springframework.boot.autoconfigure.web.reactive.function.client.WebClientCodecCustomizer; SearchStrategy: all) did not find any beans (OnBeanCondition)

   WebFluxAutoConfiguration matched:
      - @ConditionalOnClass found required class 'org.springframework.web.reactive.config.WebFluxConfigurer' (OnClassCondition)
      - found ConfigurableReactiveWebEnvironment (OnWebApplicationCondition)
      - @ConditionalOnMissingBean (types: org.springframework.web.reactive.config.WebFluxConfigurationSupport; SearchStrategy: all) did not find any beans (OnBeanCondition)

   WebFluxAutoConfiguration.EnableWebFluxConfiguration#localeContextResolver matched:
      - @ConditionalOnMissingBean (names: localeContextResolver; SearchStrategy: all) did not find any beans (OnBeanCondition)

   WebFluxAutoConfiguration.EnableWebFluxConfiguration#webSessionManager matched:
      - @ConditionalOnMissingBean (names: webSessionManager; SearchStrategy: all) did not find any beans (OnBeanCondition)

   WebSessionIdResolverAutoConfiguration matched:
      - @ConditionalOnClass found required classes 'org.springframework.web.server.session.WebSessionManager', 'reactor.core.publisher.Mono' (OnClassCondition)
      - found ConfigurableReactiveWebEnvironment (OnWebApplicationCondition)

   WebSessionIdResolverAutoConfiguration#webSessionIdResolver matched:
      - @ConditionalOnMissingBean (types: org.springframework.web.server.session.WebSessionIdResolver; SearchStrategy: all) did not find any beans (OnBeanCondition)


Negative matches:
-----------------

   ActiveMQAutoConfiguration:
      Did not match:
         - @ConditionalOnClass did not find required class 'jakarta.jms.ConnectionFactory' (OnClassCondition)

   AopAutoConfiguration.AspectJAutoProxyingConfiguration:
      Did not match:
         - @ConditionalOnClass did not find required class 'org.aspectj.weaver.Advice' (OnClassCondition)

   ArtemisAutoConfiguration:
      Did not match:
         - @ConditionalOnClass did not find required class 'jakarta.jms.ConnectionFactory' (OnClassCondition)

   BatchAutoConfiguration:
      Did not match:
         - @ConditionalOnClass did not find required class 'org.springframework.batch.core.launch.JobLauncher' (OnClassCondition)

   Cache2kCacheConfiguration:
      Did not match:
         - @ConditionalOnClass did not find required class 'org.cache2k.Cache2kBuilder' (OnClassCondition)

   CacheAutoConfiguration:
      Did not match:
         - @ConditionalOnBean (types: org.springframework.cache.interceptor.CacheAspectSupport; SearchStrategy: all) did not find any beans of type org.springframework.cache.interceptor.CacheAspectSupport (OnBeanCondition)
      Matched:
         - @ConditionalOnClass found required class 'org.springframework.cache.CacheManager' (OnClassCondition)

   CacheAutoConfiguration.CacheManagerEntityManagerFactoryDependsOnPostProcessor:
      Did not match:
         - @ConditionalOnClass did not find required class 'org.springframework.orm.jpa.LocalContainerEntityManagerFactoryBean' (OnClassCondition)
         - Ancestor org.springframework.boot.autoconfigure.cache.CacheAutoConfiguration did not match (ConditionEvaluationReport.AncestorsMatchedCondition)

   CaffeineCacheConfiguration:
      Did not match:
         - @ConditionalOnClass did not find required class 'com.github.benmanes.caffeine.cache.Caffeine' (OnClassCondition)

   CassandraAutoConfiguration:
      Did not match:
         - @ConditionalOnClass did not find required class 'com.datastax.oss.driver.api.core.CqlSession' (OnClassCondition)

   CassandraDataAutoConfiguration:
      Did not match:
         - @ConditionalOnClass did not find required class 'com.datastax.oss.driver.api.core.CqlSession' (OnClassCondition)

   CassandraReactiveDataAutoConfiguration:
      Did not match:
         - @ConditionalOnClass did not find required class 'com.datastax.oss.driver.api.core.CqlSession' (OnClassCondition)

   CassandraReactiveRepositoriesAutoConfiguration:
      Did not match:
         - @ConditionalOnClass did not find required class 'org.springframework.data.cassandra.ReactiveSession' (OnClassCondition)

   CassandraRepositoriesAutoConfiguration:
      Did not match:
         - @ConditionalOnClass did not find required class 'com.datastax.oss.driver.api.core.CqlSession' (OnClassCondition)

   ConnectionFactoryConfigurations.GenericConfiguration:
      Did not match:
         - @ConditionalOnMissingBean (types: io.r2dbc.spi.ConnectionFactory; SearchStrategy: all) found beans of type 'io.r2dbc.spi.ConnectionFactory' connectionFactory (OnBeanCondition)
      Matched:
         - @ConditionalOnBooleanProperty (spring.r2dbc.pool.enabled=false) matched (OnPropertyCondition)

   CouchbaseAutoConfiguration:
      Did not match:
         - @ConditionalOnClass did not find required class 'com.couchbase.client.java.Cluster' (OnClassCondition)

   CouchbaseCacheConfiguration:
      Did not match:
         - @ConditionalOnClass did not find required class 'com.couchbase.client.java.Cluster' (OnClassCondition)

   CouchbaseDataAutoConfiguration:
      Did not match:
         - @ConditionalOnClass did not find required class 'com.couchbase.client.java.Bucket' (OnClassCondition)

   CouchbaseReactiveDataAutoConfiguration:
      Did not match:
         - @ConditionalOnClass did not find required class 'com.couchbase.client.java.Cluster' (OnClassCondition)

   CouchbaseReactiveRepositoriesAutoConfiguration:
      Did not match:
         - @ConditionalOnClass did not find required class 'com.couchbase.client.java.Cluster' (OnClassCondition)

   CouchbaseRepositoriesAutoConfiguration:
      Did not match:
         - @ConditionalOnClass did not find required class 'com.couchbase.client.java.Bucket' (OnClassCondition)

   DataSourceAutoConfiguration:
      Did not match:
         - @ConditionalOnMissingBean (types: io.r2dbc.spi.ConnectionFactory; SearchStrategy: all) found beans of type 'io.r2dbc.spi.ConnectionFactory' connectionFactory (OnBeanCondition)
      Matched:
         - @ConditionalOnClass found required classes 'javax.sql.DataSource', 'org.springframework.jdbc.datasource.embedded.EmbeddedDatabaseType' (OnClassCondition)

   DataSourceAutoConfiguration.EmbeddedDatabaseConfiguration:
      Did not match:
         - EmbeddedDataSource did not find embedded database (DataSourceAutoConfiguration.EmbeddedDatabaseCondition)
         - Ancestor org.springframework.boot.autoconfigure.jdbc.DataSourceAutoConfiguration did not match (ConditionEvaluationReport.AncestorsMatchedCondition)

   DataSourceAutoConfiguration.PooledDataSourceConfiguration:
      Did not match:
         - AnyNestedCondition 0 matched 2 did not; NestedCondition on DataSourceAutoConfiguration.PooledDataSourceCondition.PooledDataSourceAvailable PooledDataSource did not find supported DataSource; NestedCondition on DataSourceAutoConfiguration.PooledDataSourceCondition.ExplicitType @ConditionalOnProperty (spring.datasource.type) did not find property 'spring.datasource.type' (DataSourceAutoConfiguration.PooledDataSourceCondition)
         - Ancestor org.springframework.boot.autoconfigure.jdbc.DataSourceAutoConfiguration did not match (ConditionEvaluationReport.AncestorsMatchedCondition)

   DataSourceCheckpointRestoreConfiguration:
      Did not match:
         - @ConditionalOnClass did not find required class 'org.crac.Resource' (OnClassCondition)

   DataSourceInitializationConfiguration:
      Did not match:
         - @ConditionalOnSingleCandidate (types: javax.sql.DataSource; SearchStrategy: all) did not find any beans (OnBeanCondition)
      Matched:
         - @ConditionalOnClass found required class 'org.springframework.jdbc.datasource.init.DatabasePopulator' (OnClassCondition)

   DataSourcePoolMetadataProvidersConfiguration.CommonsDbcp2PoolDataSourceMetadataProviderConfiguration:
      Did not match:
         - @ConditionalOnClass did not find required class 'org.apache.commons.dbcp2.BasicDataSource' (OnClassCondition)

   DataSourcePoolMetadataProvidersConfiguration.HikariPoolDataSourceMetadataProviderConfiguration:
      Did not match:
         - @ConditionalOnClass did not find required class 'com.zaxxer.hikari.HikariDataSource' (OnClassCondition)

   DataSourcePoolMetadataProvidersConfiguration.OracleUcpPoolDataSourceMetadataProviderConfiguration:
      Did not match:
         - @ConditionalOnClass did not find required classes 'oracle.ucp.jdbc.PoolDataSource', 'oracle.jdbc.OracleConnection' (OnClassCondition)

   DataSourcePoolMetadataProvidersConfiguration.TomcatDataSourcePoolMetadataProviderConfiguration:
      Did not match:
         - @ConditionalOnClass did not find required class 'org.apache.tomcat.jdbc.pool.DataSource' (OnClassCondition)

   DataSourceTransactionManagerAutoConfiguration.JdbcTransactionManagerConfiguration:
      Did not match:
         - @ConditionalOnSingleCandidate (types: javax.sql.DataSource; SearchStrategy: all) did not find any beans (OnBeanCondition)

   DispatcherServletAutoConfiguration:
      Did not match:
         - @ConditionalOnClass did not find required class 'org.springframework.web.servlet.DispatcherServlet' (OnClassCondition)

   ElasticsearchClientAutoConfiguration:
      Did not match:
         - @ConditionalOnClass did not find required class 'co.elastic.clients.elasticsearch.ElasticsearchClient' (OnClassCondition)

   ElasticsearchDataAutoConfiguration:
      Did not match:
         - @ConditionalOnClass did not find required class 'org.springframework.data.elasticsearch.client.elc.ElasticsearchTemplate' (OnClassCondition)

   ElasticsearchRepositoriesAutoConfiguration:
      Did not match:
         - @ConditionalOnClass did not find required class 'org.springframework.data.elasticsearch.repository.ElasticsearchRepository' (OnClassCondition)

   ElasticsearchRestClientAutoConfiguration:
      Did not match:
         - @ConditionalOnClass did not find required class 'org.elasticsearch.client.RestClientBuilder' (OnClassCondition)

   EmbeddedLdapAutoConfiguration:
      Did not match:
         - @ConditionalOnClass did not find required class 'com.unboundid.ldap.listener.InMemoryDirectoryServer' (OnClassCondition)

   EmbeddedWebServerFactoryCustomizerAutoConfiguration.JettyWebServerFactoryCustomizerConfiguration:
      Did not match:
         - @ConditionalOnClass did not find required classes 'org.eclipse.jetty.server.Server', 'org.eclipse.jetty.util.Loader', 'org.eclipse.jetty.ee10.webapp.WebAppContext' (OnClassCondition)

   EmbeddedWebServerFactoryCustomizerAutoConfiguration.TomcatWebServerFactoryCustomizerConfiguration:
      Did not match:
         - @ConditionalOnClass did not find required classes 'org.apache.catalina.startup.Tomcat', 'org.apache.coyote.UpgradeProtocol' (OnClassCondition)

   EmbeddedWebServerFactoryCustomizerAutoConfiguration.UndertowWebServerFactoryCustomizerConfiguration:
      Did not match:
         - @ConditionalOnClass did not find required classes 'io.undertow.Undertow', 'org.xnio.SslClientAuthMode' (OnClassCondition)

   ErrorMvcAutoConfiguration:
      Did not match:
         - @ConditionalOnClass did not find required class 'jakarta.servlet.Servlet' (OnClassCondition)

   FlywayAutoConfiguration:
      Did not match:
         - @ConditionalOnBooleanProperty (spring.flyway.enabled=true) found different value in property 'spring.flyway.enabled' (OnPropertyCondition)
      Matched:
         - @ConditionalOnClass found required class 'org.flywaydb.core.Flyway' (OnClassCondition)

   FreeMarkerAutoConfiguration:
      Did not match:
         - @ConditionalOnClass did not find required class 'freemarker.template.Configuration' (OnClassCondition)

   GraphQlAutoConfiguration:
      Did not match:
         - @ConditionalOnClass did not find required class 'graphql.GraphQL' (OnClassCondition)

   GraphQlQueryByExampleAutoConfiguration:
      Did not match:
         - @ConditionalOnClass did not find required class 'graphql.GraphQL' (OnClassCondition)

   GraphQlQuerydslAutoConfiguration:
      Did not match:
         - @ConditionalOnClass did not find required class 'com.querydsl.core.Query' (OnClassCondition)

   GraphQlRSocketAutoConfiguration:
      Did not match:
         - @ConditionalOnClass did not find required class 'graphql.GraphQL' (OnClassCondition)

   GraphQlReactiveQueryByExampleAutoConfiguration:
      Did not match:
         - @ConditionalOnClass did not find required class 'graphql.GraphQL' (OnClassCondition)

   GraphQlReactiveQuerydslAutoConfiguration:
      Did not match:
         - @ConditionalOnClass did not find required class 'com.querydsl.core.Query' (OnClassCondition)

   GraphQlWebFluxAutoConfiguration:
      Did not match:
         - @ConditionalOnClass did not find required class 'graphql.GraphQL' (OnClassCondition)

   GraphQlWebFluxSecurityAutoConfiguration:
      Did not match:
         - @ConditionalOnClass did not find required class 'graphql.GraphQL' (OnClassCondition)

   GraphQlWebMvcAutoConfiguration:
      Did not match:
         - @ConditionalOnClass did not find required class 'graphql.GraphQL' (OnClassCondition)

   GraphQlWebMvcSecurityAutoConfiguration:
      Did not match:
         - @ConditionalOnClass did not find required class 'graphql.GraphQL' (OnClassCondition)

   GroovyTemplateAutoConfiguration:
      Did not match:
         - @ConditionalOnClass did not find required class 'groovy.text.markup.MarkupTemplateEngine' (OnClassCondition)

   GsonAutoConfiguration:
      Did not match:
         - @ConditionalOnClass did not find required class 'com.google.gson.Gson' (OnClassCondition)

   H2ConsoleAutoConfiguration:
      Did not match:
         - @ConditionalOnClass did not find required class 'org.h2.server.web.JakartaWebServlet' (OnClassCondition)

   HazelcastAutoConfiguration:
      Did not match:
         - @ConditionalOnClass did not find required class 'com.hazelcast.core.HazelcastInstance' (OnClassCondition)

   HazelcastCacheConfiguration:
      Did not match:
         - @ConditionalOnClass did not find required class 'com.hazelcast.core.HazelcastInstance' (OnClassCondition)

   HazelcastJpaDependencyAutoConfiguration:
      Did not match:
         - @ConditionalOnClass did not find required class 'com.hazelcast.core.HazelcastInstance' (OnClassCondition)

   HibernateJpaAutoConfiguration:
      Did not match:
         - @ConditionalOnClass did not find required class 'jakarta.persistence.EntityManager' (OnClassCondition)

   HttpClientAutoConfiguration:
      Did not match:
         - NoneNestedConditions 1 matched 0 did not; NestedCondition on NotReactiveWebApplicationCondition.ReactiveWebApplication found ConfigurableReactiveWebEnvironment (NotReactiveWebApplicationCondition)
      Matched:
         - @ConditionalOnClass found required class 'org.springframework.http.client.ClientHttpRequestFactory' (OnClassCondition)

   HttpEncodingAutoConfiguration:
      Did not match:
         - @ConditionalOnClass did not find required class 'org.springframework.web.filter.CharacterEncodingFilter' (OnClassCondition)

   HttpMessageConvertersAutoConfiguration:
      Did not match:
         - NoneNestedConditions 1 matched 0 did not; NestedCondition on HttpMessageConvertersAutoConfiguration.NotReactiveWebApplicationCondition.ReactiveWebApplication found ConfigurableReactiveWebEnvironment (HttpMessageConvertersAutoConfiguration.NotReactiveWebApplicationCondition)
      Matched:
         - @ConditionalOnClass found required class 'org.springframework.http.converter.HttpMessageConverter' (OnClassCondition)

   HypermediaAutoConfiguration:
      Did not match:
         - @ConditionalOnClass did not find required class 'org.springframework.hateoas.EntityModel' (OnClassCondition)

   InfinispanCacheConfiguration:
      Did not match:
         - @ConditionalOnClass did not find required class 'org.infinispan.spring.embedded.provider.SpringEmbeddedCacheManager' (OnClassCondition)

   IntegrationAutoConfiguration:
      Did not match:
         - @ConditionalOnClass did not find required class 'org.springframework.integration.config.EnableIntegration' (OnClassCondition)

   JCacheCacheConfiguration:
      Did not match:
         - @ConditionalOnClass did not find required class 'javax.cache.Caching' (OnClassCondition)

   JdbcClientAutoConfiguration:
      Did not match:
         - @ConditionalOnSingleCandidate (types: org.springframework.jdbc.core.namedparam.NamedParameterJdbcTemplate; SearchStrategy: all) did not find any beans (OnBeanCondition)

   JdbcRepositoriesAutoConfiguration:
      Did not match:
         - @ConditionalOnClass did not find required class 'org.springframework.data.jdbc.repository.config.AbstractJdbcConfiguration' (OnClassCondition)

   JdbcTemplateAutoConfiguration:
      Did not match:
         - @ConditionalOnSingleCandidate (types: javax.sql.DataSource; SearchStrategy: all) did not find any beans (OnBeanCondition)
      Matched:
         - @ConditionalOnClass found required classes 'javax.sql.DataSource', 'org.springframework.jdbc.core.JdbcTemplate' (OnClassCondition)

   JerseyAutoConfiguration:
      Did not match:
         - @ConditionalOnClass did not find required class 'jakarta.servlet.ServletRegistration' (OnClassCondition)

   JmsAutoConfiguration:
      Did not match:
         - @ConditionalOnClass did not find required class 'jakarta.jms.Message' (OnClassCondition)

   JmxAutoConfiguration:
      Did not match:
         - @ConditionalOnBooleanProperty (spring.jmx.enabled=true) did not find property 'spring.jmx.enabled' (OnPropertyCondition)
      Matched:
         - @ConditionalOnClass found required class 'org.springframework.jmx.export.MBeanExporter' (OnClassCondition)

   JndiConnectionFactoryAutoConfiguration:
      Did not match:
         - @ConditionalOnClass did not find required class 'org.springframework.jms.core.JmsTemplate' (OnClassCondition)

   JndiDataSourceAutoConfiguration:
      Did not match:
         - @ConditionalOnProperty (spring.datasource.jndi-name) did not find property 'spring.datasource.jndi-name' (OnPropertyCondition)
      Matched:
         - @ConditionalOnClass found required classes 'javax.sql.DataSource', 'org.springframework.jdbc.datasource.embedded.EmbeddedDatabaseType' (OnClassCondition)

   JooqAutoConfiguration:
      Did not match:
         - @ConditionalOnClass did not find required class 'org.jooq.DSLContext' (OnClassCondition)

   JpaRepositoriesAutoConfiguration:
      Did not match:
         - @ConditionalOnClass did not find required class 'org.springframework.data.jpa.repository.JpaRepository' (OnClassCondition)

   JsonbAutoConfiguration:
      Did not match:
         - @ConditionalOnClass did not find required class 'jakarta.json.bind.Jsonb' (OnClassCondition)

   JtaAutoConfiguration:
      Did not match:
         - @ConditionalOnClass did not find required class 'jakarta.transaction.Transaction' (OnClassCondition)

   KafkaAutoConfiguration:
      Did not match:
         - @ConditionalOnClass did not find required class 'org.springframework.kafka.core.KafkaTemplate' (OnClassCondition)

   LdapAutoConfiguration:
      Did not match:
         - @ConditionalOnClass did not find required class 'org.springframework.ldap.core.ContextSource' (OnClassCondition)

   LdapRepositoriesAutoConfiguration:
      Did not match:
         - @ConditionalOnClass did not find required class 'org.springframework.data.ldap.repository.LdapRepository' (OnClassCondition)

   LiquibaseAutoConfiguration:
      Did not match:
         - @ConditionalOnClass did not find required class 'liquibase.change.DatabaseChange' (OnClassCondition)

   MailSenderAutoConfiguration:
      Did not match:
         - @ConditionalOnClass did not find required class 'jakarta.activation.MimeType' (OnClassCondition)

   MailSenderValidatorAutoConfiguration:
      Did not match:
         - @ConditionalOnSingleCandidate did not find required type 'org.springframework.mail.javamail.JavaMailSenderImpl' (OnBeanCondition)

   MessageSourceAutoConfiguration:
      Did not match:
         - ResourceBundle did not find bundle with basename messages (MessageSourceAutoConfiguration.ResourceBundleCondition)

   MongoAutoConfiguration:
      Did not match:
         - @ConditionalOnClass did not find required class 'com.mongodb.client.MongoClient' (OnClassCondition)

   MongoDataAutoConfiguration:
      Did not match:
         - @ConditionalOnClass did not find required class 'com.mongodb.client.MongoClient' (OnClassCondition)

   MongoReactiveAutoConfiguration:
      Did not match:
         - @ConditionalOnClass did not find required class 'com.mongodb.reactivestreams.client.MongoClient' (OnClassCondition)

   MongoReactiveDataAutoConfiguration:
      Did not match:
         - @ConditionalOnClass did not find required class 'com.mongodb.reactivestreams.client.MongoClient' (OnClassCondition)

   MongoReactiveRepositoriesAutoConfiguration:
      Did not match:
         - @ConditionalOnClass did not find required class 'com.mongodb.reactivestreams.client.MongoClient' (OnClassCondition)

   MongoRepositoriesAutoConfiguration:
      Did not match:
         - @ConditionalOnClass did not find required class 'com.mongodb.client.MongoClient' (OnClassCondition)

   MultipartAutoConfiguration:
      Did not match:
         - @ConditionalOnClass did not find required class 'jakarta.servlet.MultipartConfigElement' (OnClassCondition)

   MustacheAutoConfiguration:
      Did not match:
         - @ConditionalOnClass did not find required class 'com.samskivert.mustache.Mustache' (OnClassCondition)

   Neo4jAutoConfiguration:
      Did not match:
         - @ConditionalOnClass did not find required class 'org.neo4j.driver.Driver' (OnClassCondition)

   Neo4jDataAutoConfiguration:
      Did not match:
         - @ConditionalOnClass did not find required class 'org.neo4j.driver.Driver' (OnClassCondition)

   Neo4jReactiveDataAutoConfiguration:
      Did not match:
         - @ConditionalOnClass did not find required class 'org.neo4j.driver.Driver' (OnClassCondition)

   Neo4jReactiveRepositoriesAutoConfiguration:
      Did not match:
         - @ConditionalOnClass did not find required class 'org.neo4j.driver.Driver' (OnClassCondition)

   Neo4jRepositoriesAutoConfiguration:
      Did not match:
         - @ConditionalOnClass did not find required class 'org.neo4j.driver.Driver' (OnClassCondition)

   OAuth2AuthorizationServerAutoConfiguration:
      Did not match:
         - @ConditionalOnClass did not find required class 'org.springframework.security.oauth2.server.authorization.OAuth2Authorization' (OnClassCondition)

   OAuth2AuthorizationServerJwtAutoConfiguration:
      Did not match:
         - @ConditionalOnClass did not find required class 'org.springframework.security.oauth2.server.authorization.OAuth2Authorization' (OnClassCondition)

   OAuth2ClientAutoConfiguration:
      Did not match:
         - @ConditionalOnClass did not find required class 'org.springframework.security.oauth2.client.registration.ClientRegistration' (OnClassCondition)

   OAuth2ClientWebSecurityAutoConfiguration:
      Did not match:
         - @ConditionalOnClass did not find required class 'org.springframework.security.oauth2.client.web.OAuth2AuthorizedClientRepository' (OnClassCondition)

   OAuth2ResourceServerAutoConfiguration:
      Did not match:
         - @ConditionalOnClass did not find required class 'org.springframework.security.oauth2.server.resource.authentication.BearerTokenAuthenticationToken' (OnClassCondition)

   ProjectInfoAutoConfiguration#buildProperties:
      Did not match:
         - @ConditionalOnResource did not find resource '${spring.info.build.location:classpath:META-INF/build-info.properties}' (OnResourceCondition)

   ProjectInfoAutoConfiguration#gitProperties:
      Did not match:
         - GitResource did not find git info at classpath:git.properties (ProjectInfoAutoConfiguration.GitResourceAvailableCondition)

   PulsarAutoConfiguration:
      Did not match:
         - @ConditionalOnClass did not find required class 'org.apache.pulsar.client.api.PulsarClient' (OnClassCondition)

   PulsarReactiveAutoConfiguration:
      Did not match:
         - @ConditionalOnClass did not find required class 'org.apache.pulsar.client.api.PulsarClient' (OnClassCondition)

   QuartzAutoConfiguration:
      Did not match:
         - @ConditionalOnClass did not find required class 'org.quartz.Scheduler' (OnClassCondition)

   R2dbcProxyAutoConfiguration:
      Did not match:
         - @ConditionalOnClass did not find required class 'io.r2dbc.proxy.ProxyConnectionFactory' (OnClassCondition)

   RSocketGraphQlClientAutoConfiguration:
      Did not match:
         - @ConditionalOnClass did not find required class 'graphql.GraphQL' (OnClassCondition)

   RSocketMessagingAutoConfiguration:
      Did not match:
         - @ConditionalOnClass did not find required class 'io.rsocket.RSocket' (OnClassCondition)

   RSocketRequesterAutoConfiguration:
      Did not match:
         - @ConditionalOnClass did not find required class 'io.rsocket.RSocket' (OnClassCondition)

   RSocketSecurityAutoConfiguration:
      Did not match:
         - @ConditionalOnClass did not find required class 'org.springframework.security.rsocket.core.SecuritySocketAcceptorInterceptor' (OnClassCondition)

   RSocketServerAutoConfiguration:
      Did not match:
         - @ConditionalOnClass did not find required class 'io.rsocket.core.RSocketServer' (OnClassCondition)

   RSocketStrategiesAutoConfiguration:
      Did not match:
         - @ConditionalOnClass did not find required class 'io.rsocket.RSocket' (OnClassCondition)

   RabbitAutoConfiguration:
      Did not match:
         - @ConditionalOnClass did not find required class 'com.rabbitmq.client.Channel' (OnClassCondition)

   ReactiveElasticsearchClientAutoConfiguration:
      Did not match:
         - @ConditionalOnClass did not find required class 'co.elastic.clients.transport.ElasticsearchTransport' (OnClassCondition)

   ReactiveElasticsearchRepositoriesAutoConfiguration:
      Did not match:
         - @ConditionalOnClass did not find required class 'org.springframework.data.elasticsearch.client.elc.ReactiveElasticsearchClient' (OnClassCondition)

   ReactiveOAuth2ClientAutoConfiguration:
      Did not match:
         - @ConditionalOnClass did not find required class 'org.springframework.security.oauth2.client.registration.ClientRegistration' (OnClassCondition)

   ReactiveOAuth2ClientWebSecurityAutoConfiguration:
      Did not match:
         - @ConditionalOnClass did not find required class 'org.springframework.security.oauth2.client.web.server.ServerOAuth2AuthorizedClientRepository' (OnClassCondition)

   ReactiveOAuth2ResourceServerConfiguration.JwtConfiguration:
      Did not match:
         - @ConditionalOnClass did not find required classes 'org.springframework.security.oauth2.server.resource.authentication.BearerTokenAuthenticationToken', 'org.springframework.security.oauth2.jwt.ReactiveJwtDecoder' (OnClassCondition)

   ReactiveOAuth2ResourceServerConfiguration.OpaqueTokenConfiguration:
      Did not match:
         - @ConditionalOnClass did not find required classes 'org.springframework.security.oauth2.server.resource.authentication.BearerTokenAuthenticationToken', 'org.springframework.security.oauth2.server.resource.introspection.ReactiveOpaqueTokenIntrospector' (OnClassCondition)

   ReactiveSecurityAutoConfiguration.SpringBootWebFluxSecurityConfiguration#denyAllAuthenticationManager:
      Did not match:
         - @ConditionalOnMissingBean (types: org.springframework.security.authentication.ReactiveAuthenticationManager,org.springframework.security.core.userdetails.ReactiveUserDetailsService,org.springframework.security.web.server.SecurityWebFilterChain; SearchStrategy: all) found beans of type 'org.springframework.security.core.userdetails.ReactiveUserDetailsService' customReactiveUserDetailsService and found beans of type 'org.springframework.security.web.server.SecurityWebFilterChain' securityWebFilterChain and found beans of type 'org.springframework.security.authentication.ReactiveAuthenticationManager' reactiveAuthenticationManager (OnBeanCondition)

   ReactiveUserDetailsServiceAutoConfiguration:
      Did not match:
         - @ConditionalOnMissingBean (types: org.springframework.security.authentication.ReactiveAuthenticationManager,org.springframework.security.core.userdetails.ReactiveUserDetailsService,org.springframework.security.authentication.ReactiveAuthenticationManagerResolver,?; SearchStrategy: all) found beans of type 'org.springframework.security.core.userdetails.ReactiveUserDetailsService' customReactiveUserDetailsService and found beans of type 'org.springframework.security.authentication.ReactiveAuthenticationManager' reactiveAuthenticationManager (OnBeanCondition)
      Matched:
         - @ConditionalOnClass found required class 'org.springframework.security.authentication.ReactiveAuthenticationManager' (OnClassCondition)
         - AnyNestedCondition 1 matched 2 did not; NestedCondition on ReactiveUserDetailsServiceAutoConfiguration.MissingAlternativeOrUserPropertiesConfigured.PasswordConfigured @ConditionalOnProperty (spring.security.user.password) did not find property 'spring.security.user.password'; NestedCondition on ReactiveUserDetailsServiceAutoConfiguration.MissingAlternativeOrUserPropertiesConfigured.NameConfigured @ConditionalOnProperty (spring.security.user.name) did not find property 'spring.security.user.name'; NestedCondition on ReactiveUserDetailsServiceAutoConfiguration.MissingAlternativeOrUserPropertiesConfigured.MissingAlternative @ConditionalOnMissingClass did not find unwanted classes 'org.springframework.security.oauth2.client.registration.ClientRegistrationRepository', 'org.springframework.security.oauth2.server.resource.introspection.ReactiveOpaqueTokenIntrospector' (ReactiveUserDetailsServiceAutoConfiguration.MissingAlternativeOrUserPropertiesConfigured)
         - AnyNestedCondition 1 matched 1 did not; NestedCondition on ReactiveUserDetailsServiceAutoConfiguration.RSocketEnabledOrReactiveWebApplication.ReactiveWebApplicationCondition found ConfigurableReactiveWebEnvironment; NestedCondition on ReactiveUserDetailsServiceAutoConfiguration.RSocketEnabledOrReactiveWebApplication.RSocketSecurityEnabledCondition @ConditionalOnBean (types: ?; SearchStrategy: all) did not find any beans of type ? (ReactiveUserDetailsServiceAutoConfiguration.RSocketEnabledOrReactiveWebApplication)

   ReactiveWebServerFactoryAutoConfiguration#forwardedHeaderTransformer:
      Did not match:
         - @ConditionalOnProperty (server.forward-headers-strategy=framework) did not find property 'server.forward-headers-strategy' (OnPropertyCondition)

   ReactiveWebServerFactoryAutoConfiguration.TomcatConfiguration:
      Did not match:
         - @ConditionalOnClass did not find required class 'org.apache.catalina.startup.Tomcat' (OnClassCondition)

   ReactiveWebServerFactoryConfiguration.EmbeddedJetty:
      Did not match:
         - @ConditionalOnClass did not find required classes 'org.eclipse.jetty.server.Server', 'org.eclipse.jetty.ee10.servlet.ServletHolder' (OnClassCondition)

   ReactiveWebServerFactoryConfiguration.EmbeddedTomcat:
      Did not match:
         - @ConditionalOnClass did not find required class 'org.apache.catalina.startup.Tomcat' (OnClassCondition)

   ReactiveWebServerFactoryConfiguration.EmbeddedUndertow:
      Did not match:
         - @ConditionalOnClass did not find required class 'io.undertow.Undertow' (OnClassCondition)

   RedisAutoConfiguration:
      Did not match:
         - @ConditionalOnClass did not find required class 'org.springframework.data.redis.core.RedisOperations' (OnClassCondition)

   RedisCacheConfiguration:
      Did not match:
         - @ConditionalOnClass did not find required class 'org.springframework.data.redis.connection.RedisConnectionFactory' (OnClassCondition)

   RedisReactiveAutoConfiguration:
      Did not match:
         - @ConditionalOnClass did not find required class 'org.springframework.data.redis.connection.ReactiveRedisConnectionFactory' (OnClassCondition)

   RedisRepositoriesAutoConfiguration:
      Did not match:
         - @ConditionalOnClass did not find required class 'org.springframework.data.redis.repository.configuration.EnableRedisRepositories' (OnClassCondition)

   RepositoryRestMvcAutoConfiguration:
      Did not match:
         - @ConditionalOnClass did not find required class 'org.springframework.data.rest.webmvc.config.RepositoryRestMvcConfiguration' (OnClassCondition)

   RestClientAutoConfiguration:
      Did not match:
         - AnyNestedCondition 0 matched 2 did not; NestedCondition on NotReactiveWebApplicationOrVirtualThreadsExecutorEnabledCondition.VirtualThreadsExecutorEnabled found non-matching nested conditions @ConditionalOnThreading did not find VIRTUAL; NestedCondition on NotReactiveWebApplicationOrVirtualThreadsExecutorEnabledCondition.NotReactiveWebApplication NoneNestedConditions 1 matched 0 did not; NestedCondition on NotReactiveWebApplicationCondition.ReactiveWebApplication found ConfigurableReactiveWebEnvironment (NotReactiveWebApplicationOrVirtualThreadsExecutorEnabledCondition)
      Matched:
         - @ConditionalOnClass found required class 'org.springframework.web.client.RestClient' (OnClassCondition)

   RestTemplateAutoConfiguration:
      Did not match:
         - NoneNestedConditions 1 matched 0 did not; NestedCondition on NotReactiveWebApplicationCondition.ReactiveWebApplication found ConfigurableReactiveWebEnvironment (NotReactiveWebApplicationCondition)
      Matched:
         - @ConditionalOnClass found required class 'org.springframework.web.client.RestTemplate' (OnClassCondition)

   Saml2RelyingPartyAutoConfiguration:
      Did not match:
         - @ConditionalOnClass did not find required class 'org.springframework.security.saml2.provider.service.registration.RelyingPartyRegistrationRepository' (OnClassCondition)

   SecurityDataConfiguration:
      Did not match:
         - @ConditionalOnClass did not find required class 'org.springframework.security.data.repository.query.SecurityEvaluationContextExtension' (OnClassCondition)

   SecurityFilterAutoConfiguration:
      Did not match:
         - not a servlet web application (OnWebApplicationCondition)
      Matched:
         - @ConditionalOnClass found required classes 'org.springframework.security.web.context.AbstractSecurityWebApplicationInitializer', 'org.springframework.security.config.http.SessionCreationPolicy' (OnClassCondition)

   SendGridAutoConfiguration:
      Did not match:
         - @ConditionalOnClass did not find required class 'com.sendgrid.SendGrid' (OnClassCondition)

   ServletWebServerFactoryAutoConfiguration:
      Did not match:
         - @ConditionalOnClass did not find required class 'jakarta.servlet.ServletRequest' (OnClassCondition)

   SessionAutoConfiguration:
      Did not match:
         - @ConditionalOnClass did not find required class 'org.springframework.session.Session' (OnClassCondition)

   SpringApplicationAdminJmxAutoConfiguration:
      Did not match:
         - @ConditionalOnBooleanProperty (spring.application.admin.enabled=true) did not find property 'spring.application.admin.enabled' (OnPropertyCondition)

   SpringBootWebSecurityConfiguration:
      Did not match:
         - not a servlet web application (OnWebApplicationCondition)

   SpringDataWebAutoConfiguration:
      Did not match:
         - @ConditionalOnClass did not find required class 'org.springframework.web.servlet.config.annotation.WebMvcConfigurer' (OnClassCondition)

   TaskExecutorConfigurations.SimpleAsyncTaskExecutorBuilderConfiguration#simpleAsyncTaskExecutorBuilderVirtualThreads:
      Did not match:
         - @ConditionalOnMissingBean (types: org.springframework.boot.task.SimpleAsyncTaskExecutorBuilder; SearchStrategy: all) found beans of type 'org.springframework.boot.task.SimpleAsyncTaskExecutorBuilder' simpleAsyncTaskExecutorBuilder (OnBeanCondition)

   TaskExecutorConfigurations.TaskExecutorConfiguration#applicationTaskExecutorVirtualThreads:
      Did not match:
         - @ConditionalOnThreading did not find VIRTUAL (OnThreadingCondition)

   TaskSchedulingAutoConfiguration#scheduledBeanLazyInitializationExcludeFilter:
      Did not match:
         - @ConditionalOnBean (names: org.springframework.context.annotation.internalScheduledAnnotationProcessor; SearchStrategy: all) did not find any beans named org.springframework.context.annotation.internalScheduledAnnotationProcessor (OnBeanCondition)

   TaskSchedulingConfigurations.SimpleAsyncTaskSchedulerBuilderConfiguration#simpleAsyncTaskSchedulerBuilderVirtualThreads:
      Did not match:
         - @ConditionalOnMissingBean (types: org.springframework.boot.task.SimpleAsyncTaskSchedulerBuilder; SearchStrategy: all) found beans of type 'org.springframework.boot.task.SimpleAsyncTaskSchedulerBuilder' simpleAsyncTaskSchedulerBuilder (OnBeanCondition)

   TaskSchedulingConfigurations.TaskSchedulerConfiguration:
      Did not match:
         - @ConditionalOnBean (names: org.springframework.context.annotation.internalScheduledAnnotationProcessor; SearchStrategy: all) did not find any beans named org.springframework.context.annotation.internalScheduledAnnotationProcessor (OnBeanCondition)

   ThymeleafAutoConfiguration:
      Did not match:
         - @ConditionalOnClass did not find required class 'org.thymeleaf.spring6.SpringTemplateEngine' (OnClassCondition)

   TransactionAutoConfiguration.AspectJTransactionManagementConfiguration:
      Did not match:
         - @ConditionalOnBean did not find required type 'org.springframework.transaction.aspectj.AbstractTransactionAspect' (OnBeanCondition)
         - @ConditionalOnBean (types: ?; SearchStrategy: all) did not find any beans of type ? (OnBeanCondition)

   TransactionAutoConfiguration.EnableTransactionManagementConfiguration.JdkDynamicAutoProxyConfiguration:
      Did not match:
         - @ConditionalOnBooleanProperty (spring.aop.proxy-target-class=false) did not find property 'spring.aop.proxy-target-class' (OnPropertyCondition)

   TransactionAutoConfiguration.TransactionTemplateConfiguration:
      Did not match:
         - @ConditionalOnSingleCandidate (types: org.springframework.transaction.PlatformTransactionManager; SearchStrategy: all) did not find any beans (OnBeanCondition)

   UserDetailsServiceAutoConfiguration:
      Did not match:
         - not a servlet web application (OnWebApplicationCondition)
      Matched:
         - @ConditionalOnClass found required class 'org.springframework.security.authentication.AuthenticationManager' (OnClassCondition)

   WebFluxAutoConfiguration#hiddenHttpMethodFilter:
      Did not match:
         - @ConditionalOnBooleanProperty (spring.webflux.hiddenmethod.filter.enabled=true) did not find property 'spring.webflux.hiddenmethod.filter.enabled' (OnPropertyCondition)

   WebFluxAutoConfiguration.ProblemDetailsErrorHandlingConfiguration:
      Did not match:
         - @ConditionalOnBooleanProperty (spring.webflux.problemdetails.enabled=true) did not find property 'spring.webflux.problemdetails.enabled' (OnPropertyCondition)

   WebFluxAutoConfiguration.ResourceChainCustomizerConfiguration:
      Did not match:
         - @ConditionalOnEnabledResourceChain did not find class org.webjars.WebJarVersionLocator (OnEnabledResourceChainCondition)

   WebMvcAutoConfiguration:
      Did not match:
         - @ConditionalOnClass did not find required class 'jakarta.servlet.Servlet' (OnClassCondition)

   WebServiceTemplateAutoConfiguration:
      Did not match:
         - @ConditionalOnClass did not find required class 'org.springframework.oxm.Marshaller' (OnClassCondition)

   WebServicesAutoConfiguration:
      Did not match:
         - @ConditionalOnClass did not find required class 'org.springframework.ws.transport.http.MessageDispatcherServlet' (OnClassCondition)

   WebSocketMessagingAutoConfiguration:
      Did not match:
         - @ConditionalOnClass did not find required class 'org.springframework.web.socket.config.annotation.WebSocketMessageBrokerConfigurer' (OnClassCondition)

   WebSocketReactiveAutoConfiguration:
      Did not match:
         - @ConditionalOnClass did not find required class 'jakarta.servlet.Servlet' (OnClassCondition)

   WebSocketServletAutoConfiguration:
      Did not match:
         - @ConditionalOnClass did not find required class 'jakarta.servlet.Servlet' (OnClassCondition)

   XADataSourceAutoConfiguration:
      Did not match:
         - @ConditionalOnClass did not find required class 'jakarta.transaction.TransactionManager' (OnClassCondition)


Exclusions:
-----------

    None


Unconditional classes:
----------------------

    org.springframework.boot.autoconfigure.context.ConfigurationPropertiesAutoConfiguration

    org.springframework.boot.autoconfigure.ssl.SslAutoConfiguration

    org.springframework.boot.autoconfigure.context.PropertyPlaceholderAutoConfiguration

    org.springframework.boot.autoconfigure.context.LifecycleAutoConfiguration

    org.springframework.boot.autoconfigure.availability.ApplicationAvailabilityAutoConfiguration

    org.springframework.boot.autoconfigure.info.ProjectInfoAutoConfiguration



2026-02-06T19:02:55.072-05:00  INFO 21219 --- [01-WebFlux] [           main] com.example.webflux.Application          : Started Application in 4.01 seconds (process running for 4.336)
2026-02-06T19:02:55.073-05:00 DEBUG 21219 --- [01-WebFlux] [           main] o.s.b.a.ApplicationAvailabilityBean      : Application availability state LivenessState changed to CORRECT
2026-02-06T19:02:55.074-05:00 DEBUG 21219 --- [01-WebFlux] [           main] o.s.b.a.ApplicationAvailabilityBean      : Application availability state ReadinessState changed to ACCEPTING_TRAFFIC
2026-02-06T19:04:38.524-05:00 DEBUG 21219 --- [01-WebFlux] [or-http-epoll-2] o.s.w.s.adapter.HttpWebHandlerAdapter    : [63dcb835-1] HTTP POST "/api/auth/register"
2026-02-06T19:04:38.569-05:00 DEBUG 21219 --- [01-WebFlux] [     parallel-2] o.s.w.s.s.DefaultWebSessionManager       : Created new WebSession.
2026-02-06T19:04:38.573-05:00 DEBUG 21219 --- [01-WebFlux] [     parallel-2] o.s.s.w.s.u.m.OrServerWebExchangeMatcher : Trying to match using PathMatcherServerWebExchangeMatcher{pattern='/logout', method=POST}
2026-02-06T19:04:38.575-05:00 DEBUG 21219 --- [01-WebFlux] [     parallel-2] athPatternParserServerWebExchangeMatcher : Request 'POST /api/auth/register' doesn't match 'POST /logout'
2026-02-06T19:04:38.575-05:00 DEBUG 21219 --- [01-WebFlux] [     parallel-2] o.s.s.w.s.u.m.OrServerWebExchangeMatcher : No matches found
2026-02-06T19:04:38.577-05:00 DEBUG 21219 --- [01-WebFlux] [     parallel-2] o.s.s.w.s.u.m.OrServerWebExchangeMatcher : Trying to match using PathMatcherServerWebExchangeMatcher{pattern='/api/auth/**', method=null}
2026-02-06T19:04:38.578-05:00 DEBUG 21219 --- [01-WebFlux] [     parallel-2] athPatternParserServerWebExchangeMatcher : Checking match of request : '/api/auth/register'; against '/api/auth/**'
2026-02-06T19:04:38.580-05:00 DEBUG 21219 --- [01-WebFlux] [     parallel-2] o.s.s.w.s.u.m.OrServerWebExchangeMatcher : matched
2026-02-06T19:04:38.580-05:00 DEBUG 21219 --- [01-WebFlux] [     parallel-2] a.DelegatingReactiveAuthorizationManager : Checking authorization on '/api/auth/register' using org.springframework.security.config.web.server.ServerHttpSecurity$AuthorizeExchangeSpec$Access$$Lambda/0x000073f18c572798@7a82d28e
2026-02-06T19:04:38.580-05:00 DEBUG 21219 --- [01-WebFlux] [     parallel-2] o.s.s.w.s.a.AuthorizationWebFilter       : Authorization successful
2026-02-06T19:04:38.584-05:00 DEBUG 21219 --- [01-WebFlux] [     parallel-2] s.w.r.r.m.a.RequestMappingHandlerMapping : [63dcb835-1] Mapped to com.example.webflux.infrastructure.auth.controller.AuthController#register(RegisterUserRequestDto)
2026-02-06T19:04:38.594-05:00 DEBUG 21219 --- [01-WebFlux] [     parallel-2] .r.m.a.RequestBodyMethodArgumentResolver : [63dcb835-1] Content-Type:application/json
2026-02-06T19:04:38.631-05:00 DEBUG 21219 --- [01-WebFlux] [     parallel-2] .r.m.a.RequestBodyMethodArgumentResolver : [63dcb835-1] 0..1 [com.example.webflux.application.auth.dtos.request.RegisterUserRequestDto]
2026-02-06T19:04:38.659-05:00 DEBUG 21219 --- [01-WebFlux] [or-http-epoll-2] o.s.http.codec.json.Jackson2JsonDecoder  : [63dcb835-1] Decoded [RegisterUserRequestDto[username=bryan, password=bryan123, email=username@domain.com]]
2026-02-06T19:04:38.867-05:00 DEBUG 21219 --- [01-WebFlux] [tor-tcp-epoll-1] i.r.p.client.ReactorNettyClient          : [cid: 0x1] Request:  StartupMessage{applicationName='r2dbc-postgresql', database='marketplace', username='br7forlife', options='{}'}
2026-02-06T19:04:38.879-05:00 DEBUG 21219 --- [01-WebFlux] [tor-tcp-epoll-1] i.r.p.client.ReactorNettyClient          : [cid: 0x1] Response: AuthenticationSASL{authenticationMechanisms=[SCRAM-SHA-256]}
2026-02-06T19:04:38.889-05:00 DEBUG 21219 --- [01-WebFlux] [tor-tcp-epoll-1] i.r.p.client.ReactorNettyClient          : [cid: 0x1] Request:  SASLInitialResponse{initialResponse=java.nio.HeapByteBuffer[pos=0 lim=42 cap=46], name='SCRAM-SHA-256'}
2026-02-06T19:04:38.891-05:00 DEBUG 21219 --- [01-WebFlux] [tor-tcp-epoll-1] i.r.p.client.ReactorNettyClient          : [cid: 0x1] Response: AuthenticationSASLContinue{data=java.nio.HeapByteBuffer[pos=0 lim=84 cap=84]}
2026-02-06T19:04:38.961-05:00 DEBUG 21219 --- [01-WebFlux] [tor-tcp-epoll-1] i.r.p.client.ReactorNettyClient          : [cid: 0x1] Request:  SASLResponse{data=java.nio.HeapByteBuffer[pos=0 lim=104 cap=114]}
2026-02-06T19:04:38.965-05:00 DEBUG 21219 --- [01-WebFlux] [tor-tcp-epoll-1] i.r.p.client.ReactorNettyClient          : [cid: 0x1] Response: AuthenticationSASLFinal{additionalData=java.nio.HeapByteBuffer[pos=0 lim=46 cap=46]}
2026-02-06T19:04:38.966-05:00 DEBUG 21219 --- [01-WebFlux] [tor-tcp-epoll-1] i.r.p.client.ReactorNettyClient          : [cid: 0x1] Response: AuthenticationOk{}
2026-02-06T19:04:38.967-05:00 DEBUG 21219 --- [01-WebFlux] [tor-tcp-epoll-1] i.r.p.client.ReactorNettyClient          : [cid: 0x1] Response: ParameterStatus{name='in_hot_standby', value='off'}
2026-02-06T19:04:38.967-05:00 DEBUG 21219 --- [01-WebFlux] [tor-tcp-epoll-1] i.r.p.client.ReactorNettyClient          : [cid: 0x1] Response: ParameterStatus{name='integer_datetimes', value='on'}
2026-02-06T19:04:38.967-05:00 DEBUG 21219 --- [01-WebFlux] [tor-tcp-epoll-1] i.r.p.client.ReactorNettyClient          : [cid: 0x1] Response: ParameterStatus{name='TimeZone', value='America/Bogota'}
2026-02-06T19:04:38.967-05:00 DEBUG 21219 --- [01-WebFlux] [tor-tcp-epoll-1] i.r.p.client.ReactorNettyClient          : [cid: 0x1] Response: ParameterStatus{name='IntervalStyle', value='postgres'}
2026-02-06T19:04:38.967-05:00 DEBUG 21219 --- [01-WebFlux] [tor-tcp-epoll-1] i.r.p.client.ReactorNettyClient          : [cid: 0x1] Response: ParameterStatus{name='is_superuser', value='on'}
2026-02-06T19:04:38.967-05:00 DEBUG 21219 --- [01-WebFlux] [tor-tcp-epoll-1] i.r.p.client.ReactorNettyClient          : [cid: 0x1] Response: ParameterStatus{name='application_name', value='r2dbc-postgresql'}
2026-02-06T19:04:38.967-05:00 DEBUG 21219 --- [01-WebFlux] [tor-tcp-epoll-1] i.r.p.client.ReactorNettyClient          : [cid: 0x1] Response: ParameterStatus{name='default_transaction_read_only', value='off'}
2026-02-06T19:04:38.968-05:00 DEBUG 21219 --- [01-WebFlux] [tor-tcp-epoll-1] i.r.p.client.ReactorNettyClient          : [cid: 0x1] Response: ParameterStatus{name='scram_iterations', value='4096'}
2026-02-06T19:04:38.968-05:00 DEBUG 21219 --- [01-WebFlux] [tor-tcp-epoll-1] i.r.p.client.ReactorNettyClient          : [cid: 0x1] Response: ParameterStatus{name='DateStyle', value='ISO, MDY'}
2026-02-06T19:04:38.968-05:00 DEBUG 21219 --- [01-WebFlux] [tor-tcp-epoll-1] i.r.p.client.ReactorNettyClient          : [cid: 0x1] Response: ParameterStatus{name='standard_conforming_strings', value='on'}
2026-02-06T19:04:38.968-05:00 DEBUG 21219 --- [01-WebFlux] [tor-tcp-epoll-1] i.r.p.client.ReactorNettyClient          : [cid: 0x1] Response: ParameterStatus{name='session_authorization', value='br7forlife'}
2026-02-06T19:04:38.968-05:00 DEBUG 21219 --- [01-WebFlux] [tor-tcp-epoll-1] i.r.p.client.ReactorNettyClient          : [cid: 0x1] Response: ParameterStatus{name='client_encoding', value='UTF8'}
2026-02-06T19:04:38.968-05:00 DEBUG 21219 --- [01-WebFlux] [tor-tcp-epoll-1] i.r.p.client.ReactorNettyClient          : [cid: 0x1] Response: ParameterStatus{name='server_version', value='17.7 (Debian 17.7-3.pgdg13+1)'}
2026-02-06T19:04:38.969-05:00 DEBUG 21219 --- [01-WebFlux] [tor-tcp-epoll-1] i.r.p.client.ReactorNettyClient          : [cid: 0x1] Response: ParameterStatus{name='server_encoding', value='UTF8'}
2026-02-06T19:04:38.969-05:00 DEBUG 21219 --- [01-WebFlux] [tor-tcp-epoll-1] i.r.p.client.ReactorNettyClient          : [cid: 0x1] Response: BackendKeyData{processId=104, secretKey=-554233623}
2026-02-06T19:04:38.969-05:00 DEBUG 21219 --- [01-WebFlux] [tor-tcp-epoll-1] i.r.p.client.ReactorNettyClient          : [cid: 0x1][pid: 104] Response: ReadyForQuery{transactionStatus=IDLE}
2026-02-06T19:04:39.011-05:00 DEBUG 21219 --- [01-WebFlux] [tor-tcp-epoll-1] io.r2dbc.postgresql.QUERY                : [cid: 0x1][pid: 104] Executing query: SHOW TRANSACTION ISOLATION LEVEL
2026-02-06T19:04:39.013-05:00 DEBUG 21219 --- [01-WebFlux] [tor-tcp-epoll-1] i.r.p.client.ReactorNettyClient          : [cid: 0x1][pid: 104] Request:  Query{query='SHOW TRANSACTION ISOLATION LEVEL'}
2026-02-06T19:04:39.016-05:00 DEBUG 21219 --- [01-WebFlux] [tor-tcp-epoll-1] i.r.p.client.ReactorNettyClient          : [cid: 0x1][pid: 104] Response: RowDescription{fields=[Field{column=0, dataType=25, dataTypeModifier=-1, dataTypeSize=-1, format=FORMAT_TEXT, name='transaction_isolation', table=0}]}
2026-02-06T19:04:39.021-05:00 DEBUG 21219 --- [01-WebFlux] [tor-tcp-epoll-1] i.r.p.client.ReactorNettyClient          : [cid: 0x1][pid: 104] Response: DataRow{columns=[PooledSlicedByteBuf(ridx: 0, widx: 14, cap: 14/14, unwrapped: PooledUnsafeDirectByteBuf(ridx: 72, widx: 88, cap: 1024))]}
2026-02-06T19:04:39.024-05:00 DEBUG 21219 --- [01-WebFlux] [tor-tcp-epoll-1] i.r.p.client.ReactorNettyClient          : [cid: 0x1][pid: 104] Response: CommandComplete{command=SHOW, rowId=null, rows=null}
2026-02-06T19:04:39.024-05:00 DEBUG 21219 --- [01-WebFlux] [tor-tcp-epoll-1] i.r.p.client.ReactorNettyClient          : [cid: 0x1][pid: 104] Response: ReadyForQuery{transactionStatus=IDLE}
2026-02-06T19:04:39.026-05:00 DEBUG 21219 --- [01-WebFlux] [tor-tcp-epoll-1] io.r2dbc.postgresql.QUERY                : [cid: 0x1][pid: 104] Executing query: SELECT oid, typname FROM pg_catalog.pg_type WHERE typname IN ('hstore')
2026-02-06T19:04:39.027-05:00 DEBUG 21219 --- [01-WebFlux] [tor-tcp-epoll-1] i.r.p.client.ReactorNettyClient          : [cid: 0x1][pid: 104] Request:  Query{query='SELECT oid, typname FROM pg_catalog.pg_type WHERE typname IN ('hstore')'}
2026-02-06T19:04:39.029-05:00 DEBUG 21219 --- [01-WebFlux] [tor-tcp-epoll-1] i.r.p.client.ReactorNettyClient          : [cid: 0x1][pid: 104] Response: RowDescription{fields=[Field{column=1, dataType=26, dataTypeModifier=-1, dataTypeSize=4, format=FORMAT_TEXT, name='oid', table=1247}, Field{column=2, dataType=19, dataTypeModifier=-1, dataTypeSize=64, format=FORMAT_TEXT, name='typname', table=1247}]}
2026-02-06T19:04:39.030-05:00 DEBUG 21219 --- [01-WebFlux] [tor-tcp-epoll-1] i.r.p.client.ReactorNettyClient          : [cid: 0x1][pid: 104] Response: CommandComplete{command=SELECT, rowId=null, rows=0}
2026-02-06T19:04:39.030-05:00 DEBUG 21219 --- [01-WebFlux] [tor-tcp-epoll-1] i.r.p.client.ReactorNettyClient          : [cid: 0x1][pid: 104] Response: ReadyForQuery{transactionStatus=IDLE}
2026-02-06T19:04:39.056-05:00 DEBUG 21219 --- [01-WebFlux] [tor-tcp-epoll-1] o.s.r2dbc.core.DefaultDatabaseClient     : Executing SQL statement [SELECT users.user_id, users.username, users.email, users.password_hash FROM users WHERE users.username = $1]
2026-02-06T19:04:39.061-05:00 DEBUG 21219 --- [01-WebFlux] [tor-tcp-epoll-1] io.r2dbc.postgresql.PARAM                : [cid: 0x1][pid: 104] Bind parameter [0] to: bryan
2026-02-06T19:04:39.080-05:00 DEBUG 21219 --- [01-WebFlux] [tor-tcp-epoll-1] io.r2dbc.postgresql.QUERY                : [cid: 0x1][pid: 104] Executing query: SELECT users.user_id, users.username, users.email, users.password_hash FROM users WHERE users.username = $1
2026-02-06T19:04:39.080-05:00 DEBUG 21219 --- [01-WebFlux] [tor-tcp-epoll-1] i.r.p.client.ReactorNettyClient          : [cid: 0x1][pid: 104] Request:  [Parse{name='S_0', parameters=[1043], query='SELECT users.user_id, users.username, users.email, users.password_hash FROM users WHERE users.username = $1'}, Bind{name='B_0', parameterFormats=[FORMAT_TEXT], parameters=[CompositeByteBuf(ridx: 0, widx: 5, cap: 5, components=1)], resultFormats=[], source='S_0'}, Describe{name='B_0', type=PORTAL}, Execute{name='B_0', rows=0}, Close{name='B_0', type=PORTAL}, Sync{}]
2026-02-06T19:04:39.084-05:00 DEBUG 21219 --- [01-WebFlux] [tor-tcp-epoll-1] i.r.p.client.ReactorNettyClient          : [cid: 0x1][pid: 104] Response: ParseComplete{}
2026-02-06T19:04:39.084-05:00 DEBUG 21219 --- [01-WebFlux] [tor-tcp-epoll-1] i.r.p.client.ReactorNettyClient          : [cid: 0x1][pid: 104] Response: BindComplete{}
2026-02-06T19:04:39.084-05:00 DEBUG 21219 --- [01-WebFlux] [tor-tcp-epoll-1] i.r.p.client.ReactorNettyClient          : [cid: 0x1][pid: 104] Response: RowDescription{fields=[Field{column=1, dataType=2950, dataTypeModifier=-1, dataTypeSize=16, format=FORMAT_TEXT, name='user_id', table=16506}, Field{column=2, dataType=1043, dataTypeModifier=34, dataTypeSize=-1, format=FORMAT_TEXT, name='username', table=16506}, Field{column=3, dataType=1043, dataTypeModifier=34, dataTypeSize=-1, format=FORMAT_TEXT, name='email', table=16506}, Field{column=4, dataType=25, dataTypeModifier=-1, dataTypeSize=-1, format=FORMAT_TEXT, name='password_hash', table=16506}]}
2026-02-06T19:04:39.084-05:00 DEBUG 21219 --- [01-WebFlux] [tor-tcp-epoll-1] i.r.p.client.ReactorNettyClient          : [cid: 0x1][pid: 104] Response: CommandComplete{command=SELECT, rowId=null, rows=0}
2026-02-06T19:04:39.085-05:00 DEBUG 21219 --- [01-WebFlux] [tor-tcp-epoll-2] i.r.p.client.ReactorNettyClient          : [cid: 0x2] Request:  StartupMessage{applicationName='r2dbc-postgresql', database='marketplace', username='br7forlife', options='{}'}
2026-02-06T19:04:39.085-05:00 DEBUG 21219 --- [01-WebFlux] [tor-tcp-epoll-1] i.r.p.client.ReactorNettyClient          : [cid: 0x1][pid: 104] Response: CloseComplete{}
2026-02-06T19:04:39.085-05:00 DEBUG 21219 --- [01-WebFlux] [tor-tcp-epoll-1] i.r.p.client.ReactorNettyClient          : [cid: 0x1][pid: 104] Response: ReadyForQuery{transactionStatus=IDLE}
2026-02-06T19:04:39.090-05:00 DEBUG 21219 --- [01-WebFlux] [tor-tcp-epoll-2] i.r.p.client.ReactorNettyClient          : [cid: 0x2] Response: AuthenticationSASL{authenticationMechanisms=[SCRAM-SHA-256]}
2026-02-06T19:04:39.090-05:00 DEBUG 21219 --- [01-WebFlux] [tor-tcp-epoll-2] i.r.p.client.ReactorNettyClient          : [cid: 0x2] Request:  SASLInitialResponse{initialResponse=java.nio.HeapByteBuffer[pos=0 lim=42 cap=46], name='SCRAM-SHA-256'}
2026-02-06T19:04:39.092-05:00 DEBUG 21219 --- [01-WebFlux] [tor-tcp-epoll-2] i.r.p.client.ReactorNettyClient          : [cid: 0x2] Response: AuthenticationSASLContinue{data=java.nio.HeapByteBuffer[pos=0 lim=84 cap=84]}
2026-02-06T19:04:39.097-05:00 DEBUG 21219 --- [01-WebFlux] [tor-tcp-epoll-1] o.s.w.s.adapter.HttpWebHandlerAdapter    : [63dcb835-1] Completed 400 BAD_REQUEST
2026-02-06T19:04:39.107-05:00 DEBUG 21219 --- [01-WebFlux] [tor-tcp-epoll-2] i.r.p.client.ReactorNettyClient          : [cid: 0x2] Request:  SASLResponse{data=java.nio.HeapByteBuffer[pos=0 lim=104 cap=114]}
2026-02-06T19:04:39.110-05:00 DEBUG 21219 --- [01-WebFlux] [tor-tcp-epoll-2] i.r.p.client.ReactorNettyClient          : [cid: 0x2] Response: AuthenticationSASLFinal{additionalData=java.nio.HeapByteBuffer[pos=0 lim=46 cap=46]}
2026-02-06T19:04:39.110-05:00 DEBUG 21219 --- [01-WebFlux] [tor-tcp-epoll-2] i.r.p.client.ReactorNettyClient          : [cid: 0x2] Response: AuthenticationOk{}
2026-02-06T19:04:39.110-05:00 DEBUG 21219 --- [01-WebFlux] [tor-tcp-epoll-2] i.r.p.client.ReactorNettyClient          : [cid: 0x2] Response: ParameterStatus{name='in_hot_standby', value='off'}
2026-02-06T19:04:39.111-05:00 DEBUG 21219 --- [01-WebFlux] [tor-tcp-epoll-2] i.r.p.client.ReactorNettyClient          : [cid: 0x2] Response: ParameterStatus{name='integer_datetimes', value='on'}
2026-02-06T19:04:39.111-05:00 DEBUG 21219 --- [01-WebFlux] [tor-tcp-epoll-2] i.r.p.client.ReactorNettyClient          : [cid: 0x2] Response: ParameterStatus{name='TimeZone', value='America/Bogota'}
2026-02-06T19:04:39.111-05:00 DEBUG 21219 --- [01-WebFlux] [tor-tcp-epoll-2] i.r.p.client.ReactorNettyClient          : [cid: 0x2] Response: ParameterStatus{name='IntervalStyle', value='postgres'}
2026-02-06T19:04:39.111-05:00 DEBUG 21219 --- [01-WebFlux] [tor-tcp-epoll-2] i.r.p.client.ReactorNettyClient          : [cid: 0x2] Response: ParameterStatus{name='is_superuser', value='on'}
2026-02-06T19:04:39.111-05:00 DEBUG 21219 --- [01-WebFlux] [tor-tcp-epoll-2] i.r.p.client.ReactorNettyClient          : [cid: 0x2] Response: ParameterStatus{name='application_name', value='r2dbc-postgresql'}
2026-02-06T19:04:39.111-05:00 DEBUG 21219 --- [01-WebFlux] [tor-tcp-epoll-2] i.r.p.client.ReactorNettyClient          : [cid: 0x2] Response: ParameterStatus{name='default_transaction_read_only', value='off'}
2026-02-06T19:04:39.111-05:00 DEBUG 21219 --- [01-WebFlux] [tor-tcp-epoll-2] i.r.p.client.ReactorNettyClient          : [cid: 0x2] Response: ParameterStatus{name='scram_iterations', value='4096'}
2026-02-06T19:04:39.112-05:00 DEBUG 21219 --- [01-WebFlux] [tor-tcp-epoll-2] i.r.p.client.ReactorNettyClient          : [cid: 0x2] Response: ParameterStatus{name='DateStyle', value='ISO, MDY'}
2026-02-06T19:04:39.112-05:00 DEBUG 21219 --- [01-WebFlux] [tor-tcp-epoll-2] i.r.p.client.ReactorNettyClient          : [cid: 0x2] Response: ParameterStatus{name='standard_conforming_strings', value='on'}
2026-02-06T19:04:39.112-05:00 DEBUG 21219 --- [01-WebFlux] [tor-tcp-epoll-2] i.r.p.client.ReactorNettyClient          : [cid: 0x2] Response: ParameterStatus{name='session_authorization', value='br7forlife'}
2026-02-06T19:04:39.112-05:00 DEBUG 21219 --- [01-WebFlux] [tor-tcp-epoll-2] i.r.p.client.ReactorNettyClient          : [cid: 0x2] Response: ParameterStatus{name='client_encoding', value='UTF8'}
2026-02-06T19:04:39.112-05:00 DEBUG 21219 --- [01-WebFlux] [tor-tcp-epoll-2] i.r.p.client.ReactorNettyClient          : [cid: 0x2] Response: ParameterStatus{name='server_version', value='17.7 (Debian 17.7-3.pgdg13+1)'}
2026-02-06T19:04:39.112-05:00 DEBUG 21219 --- [01-WebFlux] [tor-tcp-epoll-2] i.r.p.client.ReactorNettyClient          : [cid: 0x2] Response: ParameterStatus{name='server_encoding', value='UTF8'}
2026-02-06T19:04:39.112-05:00 DEBUG 21219 --- [01-WebFlux] [tor-tcp-epoll-2] i.r.p.client.ReactorNettyClient          : [cid: 0x2] Response: BackendKeyData{processId=105, secretKey=-680249892}
2026-02-06T19:04:39.113-05:00 DEBUG 21219 --- [01-WebFlux] [tor-tcp-epoll-2] i.r.p.client.ReactorNettyClient          : [cid: 0x2][pid: 105] Response: ReadyForQuery{transactionStatus=IDLE}
2026-02-06T19:04:39.114-05:00 DEBUG 21219 --- [01-WebFlux] [tor-tcp-epoll-2] io.r2dbc.postgresql.QUERY                : [cid: 0x2][pid: 105] Executing query: SHOW TRANSACTION ISOLATION LEVEL
2026-02-06T19:04:39.114-05:00 DEBUG 21219 --- [01-WebFlux] [tor-tcp-epoll-2] i.r.p.client.ReactorNettyClient          : [cid: 0x2][pid: 105] Request:  Query{query='SHOW TRANSACTION ISOLATION LEVEL'}
2026-02-06T19:04:39.116-05:00 DEBUG 21219 --- [01-WebFlux] [tor-tcp-epoll-2] i.r.p.client.ReactorNettyClient          : [cid: 0x2][pid: 105] Response: RowDescription{fields=[Field{column=0, dataType=25, dataTypeModifier=-1, dataTypeSize=-1, format=FORMAT_TEXT, name='transaction_isolation', table=0}]}
2026-02-06T19:04:39.116-05:00 DEBUG 21219 --- [01-WebFlux] [tor-tcp-epoll-2] i.r.p.client.ReactorNettyClient          : [cid: 0x2][pid: 105] Response: DataRow{columns=[PooledSlicedByteBuf(ridx: 0, widx: 14, cap: 14/14, unwrapped: PooledUnsafeDirectByteBuf(ridx: 72, widx: 88, cap: 1024))]}
2026-02-06T19:04:39.116-05:00 DEBUG 21219 --- [01-WebFlux] [tor-tcp-epoll-2] i.r.p.client.ReactorNettyClient          : [cid: 0x2][pid: 105] Response: CommandComplete{command=SHOW, rowId=null, rows=null}
2026-02-06T19:04:39.116-05:00 DEBUG 21219 --- [01-WebFlux] [tor-tcp-epoll-2] i.r.p.client.ReactorNettyClient          : [cid: 0x2][pid: 105] Response: ReadyForQuery{transactionStatus=IDLE}
2026-02-06T19:04:39.117-05:00 DEBUG 21219 --- [01-WebFlux] [tor-tcp-epoll-2] io.r2dbc.postgresql.QUERY                : [cid: 0x2][pid: 105] Executing query: SELECT oid, typname FROM pg_catalog.pg_type WHERE typname IN ('hstore')
2026-02-06T19:04:39.117-05:00 DEBUG 21219 --- [01-WebFlux] [tor-tcp-epoll-2] i.r.p.client.ReactorNettyClient          : [cid: 0x2][pid: 105] Request:  Query{query='SELECT oid, typname FROM pg_catalog.pg_type WHERE typname IN ('hstore')'}
2026-02-06T19:04:39.119-05:00 DEBUG 21219 --- [01-WebFlux] [tor-tcp-epoll-2] i.r.p.client.ReactorNettyClient          : [cid: 0x2][pid: 105] Response: RowDescription{fields=[Field{column=1, dataType=26, dataTypeModifier=-1, dataTypeSize=4, format=FORMAT_TEXT, name='oid', table=1247}, Field{column=2, dataType=19, dataTypeModifier=-1, dataTypeSize=64, format=FORMAT_TEXT, name='typname', table=1247}]}
2026-02-06T19:04:39.119-05:00 DEBUG 21219 --- [01-WebFlux] [tor-tcp-epoll-2] i.r.p.client.ReactorNettyClient          : [cid: 0x2][pid: 105] Response: CommandComplete{command=SELECT, rowId=null, rows=0}
2026-02-06T19:04:39.119-05:00 DEBUG 21219 --- [01-WebFlux] [tor-tcp-epoll-2] i.r.p.client.ReactorNettyClient          : [cid: 0x2][pid: 105] Response: ReadyForQuery{transactionStatus=IDLE}
2026-02-06T19:04:39.121-05:00 DEBUG 21219 --- [01-WebFlux] [tor-tcp-epoll-3] i.r.p.client.ReactorNettyClient          : [cid: 0x3] Request:  StartupMessage{applicationName='r2dbc-postgresql', database='marketplace', username='br7forlife', options='{}'}
2026-02-06T19:04:39.127-05:00 DEBUG 21219 --- [01-WebFlux] [tor-tcp-epoll-3] i.r.p.client.ReactorNettyClient          : [cid: 0x3] Response: AuthenticationSASL{authenticationMechanisms=[SCRAM-SHA-256]}
2026-02-06T19:04:39.127-05:00 DEBUG 21219 --- [01-WebFlux] [tor-tcp-epoll-3] i.r.p.client.ReactorNettyClient          : [cid: 0x3] Request:  SASLInitialResponse{initialResponse=java.nio.HeapByteBuffer[pos=0 lim=42 cap=46], name='SCRAM-SHA-256'}
2026-02-06T19:04:39.128-05:00 DEBUG 21219 --- [01-WebFlux] [tor-tcp-epoll-3] i.r.p.client.ReactorNettyClient          : [cid: 0x3] Response: AuthenticationSASLContinue{data=java.nio.HeapByteBuffer[pos=0 lim=84 cap=84]}
2026-02-06T19:04:39.143-05:00 DEBUG 21219 --- [01-WebFlux] [tor-tcp-epoll-3] i.r.p.client.ReactorNettyClient          : [cid: 0x3] Request:  SASLResponse{data=java.nio.HeapByteBuffer[pos=0 lim=104 cap=114]}
2026-02-06T19:04:39.146-05:00 DEBUG 21219 --- [01-WebFlux] [tor-tcp-epoll-3] i.r.p.client.ReactorNettyClient          : [cid: 0x3] Response: AuthenticationSASLFinal{additionalData=java.nio.HeapByteBuffer[pos=0 lim=46 cap=46]}
2026-02-06T19:04:39.146-05:00 DEBUG 21219 --- [01-WebFlux] [tor-tcp-epoll-3] i.r.p.client.ReactorNettyClient          : [cid: 0x3] Response: AuthenticationOk{}
2026-02-06T19:04:39.146-05:00 DEBUG 21219 --- [01-WebFlux] [tor-tcp-epoll-3] i.r.p.client.ReactorNettyClient          : [cid: 0x3] Response: ParameterStatus{name='in_hot_standby', value='off'}
2026-02-06T19:04:39.147-05:00 DEBUG 21219 --- [01-WebFlux] [tor-tcp-epoll-3] i.r.p.client.ReactorNettyClient          : [cid: 0x3] Response: ParameterStatus{name='integer_datetimes', value='on'}
2026-02-06T19:04:39.147-05:00 DEBUG 21219 --- [01-WebFlux] [tor-tcp-epoll-3] i.r.p.client.ReactorNettyClient          : [cid: 0x3] Response: ParameterStatus{name='TimeZone', value='America/Bogota'}
2026-02-06T19:04:39.147-05:00 DEBUG 21219 --- [01-WebFlux] [tor-tcp-epoll-3] i.r.p.client.ReactorNettyClient          : [cid: 0x3] Response: ParameterStatus{name='IntervalStyle', value='postgres'}
2026-02-06T19:04:39.147-05:00 DEBUG 21219 --- [01-WebFlux] [tor-tcp-epoll-3] i.r.p.client.ReactorNettyClient          : [cid: 0x3] Response: ParameterStatus{name='is_superuser', value='on'}
2026-02-06T19:04:39.147-05:00 DEBUG 21219 --- [01-WebFlux] [tor-tcp-epoll-3] i.r.p.client.ReactorNettyClient          : [cid: 0x3] Response: ParameterStatus{name='application_name', value='r2dbc-postgresql'}
2026-02-06T19:04:39.147-05:00 DEBUG 21219 --- [01-WebFlux] [tor-tcp-epoll-3] i.r.p.client.ReactorNettyClient          : [cid: 0x3] Response: ParameterStatus{name='default_transaction_read_only', value='off'}
2026-02-06T19:04:39.147-05:00 DEBUG 21219 --- [01-WebFlux] [tor-tcp-epoll-3] i.r.p.client.ReactorNettyClient          : [cid: 0x3] Response: ParameterStatus{name='scram_iterations', value='4096'}
2026-02-06T19:04:39.147-05:00 DEBUG 21219 --- [01-WebFlux] [tor-tcp-epoll-3] i.r.p.client.ReactorNettyClient          : [cid: 0x3] Response: ParameterStatus{name='DateStyle', value='ISO, MDY'}
2026-02-06T19:04:39.147-05:00 DEBUG 21219 --- [01-WebFlux] [tor-tcp-epoll-3] i.r.p.client.ReactorNettyClient          : [cid: 0x3] Response: ParameterStatus{name='standard_conforming_strings', value='on'}
2026-02-06T19:04:39.147-05:00 DEBUG 21219 --- [01-WebFlux] [tor-tcp-epoll-3] i.r.p.client.ReactorNettyClient          : [cid: 0x3] Response: ParameterStatus{name='session_authorization', value='br7forlife'}
2026-02-06T19:04:39.148-05:00 DEBUG 21219 --- [01-WebFlux] [tor-tcp-epoll-3] i.r.p.client.ReactorNettyClient          : [cid: 0x3] Response: ParameterStatus{name='client_encoding', value='UTF8'}
2026-02-06T19:04:39.148-05:00 DEBUG 21219 --- [01-WebFlux] [tor-tcp-epoll-3] i.r.p.client.ReactorNettyClient          : [cid: 0x3] Response: ParameterStatus{name='server_version', value='17.7 (Debian 17.7-3.pgdg13+1)'}
2026-02-06T19:04:39.148-05:00 DEBUG 21219 --- [01-WebFlux] [tor-tcp-epoll-3] i.r.p.client.ReactorNettyClient          : [cid: 0x3] Response: ParameterStatus{name='server_encoding', value='UTF8'}
2026-02-06T19:04:39.148-05:00 DEBUG 21219 --- [01-WebFlux] [tor-tcp-epoll-3] i.r.p.client.ReactorNettyClient          : [cid: 0x3] Response: BackendKeyData{processId=106, secretKey=-111564251}
2026-02-06T19:04:39.148-05:00 DEBUG 21219 --- [01-WebFlux] [tor-tcp-epoll-3] i.r.p.client.ReactorNettyClient          : [cid: 0x3][pid: 106] Response: ReadyForQuery{transactionStatus=IDLE}
2026-02-06T19:04:39.150-05:00 DEBUG 21219 --- [01-WebFlux] [tor-tcp-epoll-3] io.r2dbc.postgresql.QUERY                : [cid: 0x3][pid: 106] Executing query: SHOW TRANSACTION ISOLATION LEVEL
2026-02-06T19:04:39.150-05:00 DEBUG 21219 --- [01-WebFlux] [tor-tcp-epoll-3] i.r.p.client.ReactorNettyClient          : [cid: 0x3][pid: 106] Request:  Query{query='SHOW TRANSACTION ISOLATION LEVEL'}
2026-02-06T19:04:39.152-05:00 DEBUG 21219 --- [01-WebFlux] [tor-tcp-epoll-3] i.r.p.client.ReactorNettyClient          : [cid: 0x3][pid: 106] Response: RowDescription{fields=[Field{column=0, dataType=25, dataTypeModifier=-1, dataTypeSize=-1, format=FORMAT_TEXT, name='transaction_isolation', table=0}]}
2026-02-06T19:04:39.152-05:00 DEBUG 21219 --- [01-WebFlux] [tor-tcp-epoll-3] i.r.p.client.ReactorNettyClient          : [cid: 0x3][pid: 106] Response: DataRow{columns=[PooledSlicedByteBuf(ridx: 0, widx: 14, cap: 14/14, unwrapped: PooledUnsafeDirectByteBuf(ridx: 72, widx: 88, cap: 1024))]}
2026-02-06T19:04:39.152-05:00 DEBUG 21219 --- [01-WebFlux] [tor-tcp-epoll-3] i.r.p.client.ReactorNettyClient          : [cid: 0x3][pid: 106] Response: CommandComplete{command=SHOW, rowId=null, rows=null}
2026-02-06T19:04:39.152-05:00 DEBUG 21219 --- [01-WebFlux] [tor-tcp-epoll-3] i.r.p.client.ReactorNettyClient          : [cid: 0x3][pid: 106] Response: ReadyForQuery{transactionStatus=IDLE}
2026-02-06T19:04:39.153-05:00 DEBUG 21219 --- [01-WebFlux] [tor-tcp-epoll-3] io.r2dbc.postgresql.QUERY                : [cid: 0x3][pid: 106] Executing query: SELECT oid, typname FROM pg_catalog.pg_type WHERE typname IN ('hstore')
2026-02-06T19:04:39.153-05:00 DEBUG 21219 --- [01-WebFlux] [tor-tcp-epoll-3] i.r.p.client.ReactorNettyClient          : [cid: 0x3][pid: 106] Request:  Query{query='SELECT oid, typname FROM pg_catalog.pg_type WHERE typname IN ('hstore')'}
2026-02-06T19:04:39.155-05:00 DEBUG 21219 --- [01-WebFlux] [tor-tcp-epoll-3] i.r.p.client.ReactorNettyClient          : [cid: 0x3][pid: 106] Response: RowDescription{fields=[Field{column=1, dataType=26, dataTypeModifier=-1, dataTypeSize=4, format=FORMAT_TEXT, name='oid', table=1247}, Field{column=2, dataType=19, dataTypeModifier=-1, dataTypeSize=64, format=FORMAT_TEXT, name='typname', table=1247}]}
2026-02-06T19:04:39.155-05:00 DEBUG 21219 --- [01-WebFlux] [tor-tcp-epoll-3] i.r.p.client.ReactorNettyClient          : [cid: 0x3][pid: 106] Response: CommandComplete{command=SELECT, rowId=null, rows=0}
2026-02-06T19:04:39.155-05:00 DEBUG 21219 --- [01-WebFlux] [tor-tcp-epoll-3] i.r.p.client.ReactorNettyClient          : [cid: 0x3][pid: 106] Response: ReadyForQuery{transactionStatus=IDLE}
2026-02-06T19:04:39.157-05:00 DEBUG 21219 --- [01-WebFlux] [tor-tcp-epoll-4] i.r.p.client.ReactorNettyClient          : [cid: 0x4] Request:  StartupMessage{applicationName='r2dbc-postgresql', database='marketplace', username='br7forlife', options='{}'}
2026-02-06T19:04:39.162-05:00 DEBUG 21219 --- [01-WebFlux] [tor-tcp-epoll-4] i.r.p.client.ReactorNettyClient          : [cid: 0x4] Response: AuthenticationSASL{authenticationMechanisms=[SCRAM-SHA-256]}
2026-02-06T19:04:39.163-05:00 DEBUG 21219 --- [01-WebFlux] [tor-tcp-epoll-4] i.r.p.client.ReactorNettyClient          : [cid: 0x4] Request:  SASLInitialResponse{initialResponse=java.nio.HeapByteBuffer[pos=0 lim=42 cap=46], name='SCRAM-SHA-256'}
2026-02-06T19:04:39.164-05:00 DEBUG 21219 --- [01-WebFlux] [tor-tcp-epoll-4] i.r.p.client.ReactorNettyClient          : [cid: 0x4] Response: AuthenticationSASLContinue{data=java.nio.HeapByteBuffer[pos=0 lim=84 cap=84]}
2026-02-06T19:04:39.178-05:00 DEBUG 21219 --- [01-WebFlux] [tor-tcp-epoll-4] i.r.p.client.ReactorNettyClient          : [cid: 0x4] Request:  SASLResponse{data=java.nio.HeapByteBuffer[pos=0 lim=104 cap=114]}
2026-02-06T19:04:39.182-05:00 DEBUG 21219 --- [01-WebFlux] [tor-tcp-epoll-4] i.r.p.client.ReactorNettyClient          : [cid: 0x4] Response: AuthenticationSASLFinal{additionalData=java.nio.HeapByteBuffer[pos=0 lim=46 cap=46]}
2026-02-06T19:04:39.182-05:00 DEBUG 21219 --- [01-WebFlux] [tor-tcp-epoll-4] i.r.p.client.ReactorNettyClient          : [cid: 0x4] Response: AuthenticationOk{}
2026-02-06T19:04:39.183-05:00 DEBUG 21219 --- [01-WebFlux] [tor-tcp-epoll-4] i.r.p.client.ReactorNettyClient          : [cid: 0x4] Response: ParameterStatus{name='in_hot_standby', value='off'}
2026-02-06T19:04:39.183-05:00 DEBUG 21219 --- [01-WebFlux] [tor-tcp-epoll-4] i.r.p.client.ReactorNettyClient          : [cid: 0x4] Response: ParameterStatus{name='integer_datetimes', value='on'}
2026-02-06T19:04:39.183-05:00 DEBUG 21219 --- [01-WebFlux] [tor-tcp-epoll-4] i.r.p.client.ReactorNettyClient          : [cid: 0x4] Response: ParameterStatus{name='TimeZone', value='America/Bogota'}
2026-02-06T19:04:39.183-05:00 DEBUG 21219 --- [01-WebFlux] [tor-tcp-epoll-4] i.r.p.client.ReactorNettyClient          : [cid: 0x4] Response: ParameterStatus{name='IntervalStyle', value='postgres'}
2026-02-06T19:04:39.183-05:00 DEBUG 21219 --- [01-WebFlux] [tor-tcp-epoll-4] i.r.p.client.ReactorNettyClient          : [cid: 0x4] Response: ParameterStatus{name='is_superuser', value='on'}
2026-02-06T19:04:39.183-05:00 DEBUG 21219 --- [01-WebFlux] [tor-tcp-epoll-4] i.r.p.client.ReactorNettyClient          : [cid: 0x4] Response: ParameterStatus{name='application_name', value='r2dbc-postgresql'}
2026-02-06T19:04:39.183-05:00 DEBUG 21219 --- [01-WebFlux] [tor-tcp-epoll-4] i.r.p.client.ReactorNettyClient          : [cid: 0x4] Response: ParameterStatus{name='default_transaction_read_only', value='off'}
2026-02-06T19:04:39.184-05:00 DEBUG 21219 --- [01-WebFlux] [tor-tcp-epoll-4] i.r.p.client.ReactorNettyClient          : [cid: 0x4] Response: ParameterStatus{name='scram_iterations', value='4096'}
2026-02-06T19:04:39.184-05:00 DEBUG 21219 --- [01-WebFlux] [tor-tcp-epoll-4] i.r.p.client.ReactorNettyClient          : [cid: 0x4] Response: ParameterStatus{name='DateStyle', value='ISO, MDY'}
2026-02-06T19:04:39.184-05:00 DEBUG 21219 --- [01-WebFlux] [tor-tcp-epoll-4] i.r.p.client.ReactorNettyClient          : [cid: 0x4] Response: ParameterStatus{name='standard_conforming_strings', value='on'}
2026-02-06T19:04:39.184-05:00 DEBUG 21219 --- [01-WebFlux] [tor-tcp-epoll-4] i.r.p.client.ReactorNettyClient          : [cid: 0x4] Response: ParameterStatus{name='session_authorization', value='br7forlife'}
2026-02-06T19:04:39.184-05:00 DEBUG 21219 --- [01-WebFlux] [tor-tcp-epoll-4] i.r.p.client.ReactorNettyClient          : [cid: 0x4] Response: ParameterStatus{name='client_encoding', value='UTF8'}
2026-02-06T19:04:39.184-05:00 DEBUG 21219 --- [01-WebFlux] [tor-tcp-epoll-4] i.r.p.client.ReactorNettyClient          : [cid: 0x4] Response: ParameterStatus{name='server_version', value='17.7 (Debian 17.7-3.pgdg13+1)'}
2026-02-06T19:04:39.185-05:00 DEBUG 21219 --- [01-WebFlux] [tor-tcp-epoll-4] i.r.p.client.ReactorNettyClient          : [cid: 0x4] Response: ParameterStatus{name='server_encoding', value='UTF8'}
2026-02-06T19:04:39.185-05:00 DEBUG 21219 --- [01-WebFlux] [tor-tcp-epoll-4] i.r.p.client.ReactorNettyClient          : [cid: 0x4] Response: BackendKeyData{processId=107, secretKey=1800719122}
2026-02-06T19:04:39.185-05:00 DEBUG 21219 --- [01-WebFlux] [tor-tcp-epoll-4] i.r.p.client.ReactorNettyClient          : [cid: 0x4][pid: 107] Response: ReadyForQuery{transactionStatus=IDLE}
2026-02-06T19:04:39.186-05:00 DEBUG 21219 --- [01-WebFlux] [tor-tcp-epoll-4] io.r2dbc.postgresql.QUERY                : [cid: 0x4][pid: 107] Executing query: SHOW TRANSACTION ISOLATION LEVEL
2026-02-06T19:04:39.186-05:00 DEBUG 21219 --- [01-WebFlux] [tor-tcp-epoll-4] i.r.p.client.ReactorNettyClient          : [cid: 0x4][pid: 107] Request:  Query{query='SHOW TRANSACTION ISOLATION LEVEL'}
2026-02-06T19:04:39.188-05:00 DEBUG 21219 --- [01-WebFlux] [tor-tcp-epoll-4] i.r.p.client.ReactorNettyClient          : [cid: 0x4][pid: 107] Response: RowDescription{fields=[Field{column=0, dataType=25, dataTypeModifier=-1, dataTypeSize=-1, format=FORMAT_TEXT, name='transaction_isolation', table=0}]}
2026-02-06T19:04:39.188-05:00 DEBUG 21219 --- [01-WebFlux] [tor-tcp-epoll-4] i.r.p.client.ReactorNettyClient          : [cid: 0x4][pid: 107] Response: DataRow{columns=[PooledSlicedByteBuf(ridx: 0, widx: 14, cap: 14/14, unwrapped: PooledUnsafeDirectByteBuf(ridx: 72, widx: 88, cap: 1024))]}
2026-02-06T19:04:39.188-05:00 DEBUG 21219 --- [01-WebFlux] [tor-tcp-epoll-4] i.r.p.client.ReactorNettyClient          : [cid: 0x4][pid: 107] Response: CommandComplete{command=SHOW, rowId=null, rows=null}
2026-02-06T19:04:39.189-05:00 DEBUG 21219 --- [01-WebFlux] [tor-tcp-epoll-4] i.r.p.client.ReactorNettyClient          : [cid: 0x4][pid: 107] Response: ReadyForQuery{transactionStatus=IDLE}
2026-02-06T19:04:39.189-05:00 DEBUG 21219 --- [01-WebFlux] [tor-tcp-epoll-4] io.r2dbc.postgresql.QUERY                : [cid: 0x4][pid: 107] Executing query: SELECT oid, typname FROM pg_catalog.pg_type WHERE typname IN ('hstore')
2026-02-06T19:04:39.189-05:00 DEBUG 21219 --- [01-WebFlux] [tor-tcp-epoll-4] i.r.p.client.ReactorNettyClient          : [cid: 0x4][pid: 107] Request:  Query{query='SELECT oid, typname FROM pg_catalog.pg_type WHERE typname IN ('hstore')'}
2026-02-06T19:04:39.191-05:00 DEBUG 21219 --- [01-WebFlux] [tor-tcp-epoll-4] i.r.p.client.ReactorNettyClient          : [cid: 0x4][pid: 107] Response: RowDescription{fields=[Field{column=1, dataType=26, dataTypeModifier=-1, dataTypeSize=4, format=FORMAT_TEXT, name='oid', table=1247}, Field{column=2, dataType=19, dataTypeModifier=-1, dataTypeSize=64, format=FORMAT_TEXT, name='typname', table=1247}]}
2026-02-06T19:04:39.192-05:00 DEBUG 21219 --- [01-WebFlux] [tor-tcp-epoll-4] i.r.p.client.ReactorNettyClient          : [cid: 0x4][pid: 107] Response: CommandComplete{command=SELECT, rowId=null, rows=0}
2026-02-06T19:04:39.192-05:00 DEBUG 21219 --- [01-WebFlux] [tor-tcp-epoll-4] i.r.p.client.ReactorNettyClient          : [cid: 0x4][pid: 107] Response: ReadyForQuery{transactionStatus=IDLE}
2026-02-06T19:04:39.194-05:00 DEBUG 21219 --- [01-WebFlux] [tor-tcp-epoll-5] i.r.p.client.ReactorNettyClient          : [cid: 0x5] Request:  StartupMessage{applicationName='r2dbc-postgresql', database='marketplace', username='br7forlife', options='{}'}
2026-02-06T19:04:39.199-05:00 DEBUG 21219 --- [01-WebFlux] [tor-tcp-epoll-5] i.r.p.client.ReactorNettyClient          : [cid: 0x5] Response: AuthenticationSASL{authenticationMechanisms=[SCRAM-SHA-256]}
2026-02-06T19:04:39.200-05:00 DEBUG 21219 --- [01-WebFlux] [tor-tcp-epoll-5] i.r.p.client.ReactorNettyClient          : [cid: 0x5] Request:  SASLInitialResponse{initialResponse=java.nio.HeapByteBuffer[pos=0 lim=42 cap=46], name='SCRAM-SHA-256'}
2026-02-06T19:04:39.202-05:00 DEBUG 21219 --- [01-WebFlux] [tor-tcp-epoll-5] i.r.p.client.ReactorNettyClient          : [cid: 0x5] Response: AuthenticationSASLContinue{data=java.nio.HeapByteBuffer[pos=0 lim=84 cap=84]}
2026-02-06T19:04:39.218-05:00 DEBUG 21219 --- [01-WebFlux] [tor-tcp-epoll-5] i.r.p.client.ReactorNettyClient          : [cid: 0x5] Request:  SASLResponse{data=java.nio.HeapByteBuffer[pos=0 lim=104 cap=114]}
2026-02-06T19:04:39.221-05:00 DEBUG 21219 --- [01-WebFlux] [tor-tcp-epoll-5] i.r.p.client.ReactorNettyClient          : [cid: 0x5] Response: AuthenticationSASLFinal{additionalData=java.nio.HeapByteBuffer[pos=0 lim=46 cap=46]}
2026-02-06T19:04:39.222-05:00 DEBUG 21219 --- [01-WebFlux] [tor-tcp-epoll-5] i.r.p.client.ReactorNettyClient          : [cid: 0x5] Response: AuthenticationOk{}
2026-02-06T19:04:39.222-05:00 DEBUG 21219 --- [01-WebFlux] [tor-tcp-epoll-5] i.r.p.client.ReactorNettyClient          : [cid: 0x5] Response: ParameterStatus{name='in_hot_standby', value='off'}
2026-02-06T19:04:39.222-05:00 DEBUG 21219 --- [01-WebFlux] [tor-tcp-epoll-5] i.r.p.client.ReactorNettyClient          : [cid: 0x5] Response: ParameterStatus{name='integer_datetimes', value='on'}
2026-02-06T19:04:39.222-05:00 DEBUG 21219 --- [01-WebFlux] [tor-tcp-epoll-5] i.r.p.client.ReactorNettyClient          : [cid: 0x5] Response: ParameterStatus{name='TimeZone', value='America/Bogota'}
2026-02-06T19:04:39.222-05:00 DEBUG 21219 --- [01-WebFlux] [tor-tcp-epoll-5] i.r.p.client.ReactorNettyClient          : [cid: 0x5] Response: ParameterStatus{name='IntervalStyle', value='postgres'}
2026-02-06T19:04:39.222-05:00 DEBUG 21219 --- [01-WebFlux] [tor-tcp-epoll-5] i.r.p.client.ReactorNettyClient          : [cid: 0x5] Response: ParameterStatus{name='is_superuser', value='on'}
2026-02-06T19:04:39.223-05:00 DEBUG 21219 --- [01-WebFlux] [tor-tcp-epoll-5] i.r.p.client.ReactorNettyClient          : [cid: 0x5] Response: ParameterStatus{name='application_name', value='r2dbc-postgresql'}
2026-02-06T19:04:39.223-05:00 DEBUG 21219 --- [01-WebFlux] [tor-tcp-epoll-5] i.r.p.client.ReactorNettyClient          : [cid: 0x5] Response: ParameterStatus{name='default_transaction_read_only', value='off'}
2026-02-06T19:04:39.223-05:00 DEBUG 21219 --- [01-WebFlux] [tor-tcp-epoll-5] i.r.p.client.ReactorNettyClient          : [cid: 0x5] Response: ParameterStatus{name='scram_iterations', value='4096'}
2026-02-06T19:04:39.223-05:00 DEBUG 21219 --- [01-WebFlux] [tor-tcp-epoll-5] i.r.p.client.ReactorNettyClient          : [cid: 0x5] Response: ParameterStatus{name='DateStyle', value='ISO, MDY'}
2026-02-06T19:04:39.223-05:00 DEBUG 21219 --- [01-WebFlux] [tor-tcp-epoll-5] i.r.p.client.ReactorNettyClient          : [cid: 0x5] Response: ParameterStatus{name='standard_conforming_strings', value='on'}
2026-02-06T19:04:39.223-05:00 DEBUG 21219 --- [01-WebFlux] [tor-tcp-epoll-5] i.r.p.client.ReactorNettyClient          : [cid: 0x5] Response: ParameterStatus{name='session_authorization', value='br7forlife'}
2026-02-06T19:04:39.223-05:00 DEBUG 21219 --- [01-WebFlux] [tor-tcp-epoll-5] i.r.p.client.ReactorNettyClient          : [cid: 0x5] Response: ParameterStatus{name='client_encoding', value='UTF8'}
2026-02-06T19:04:39.224-05:00 DEBUG 21219 --- [01-WebFlux] [tor-tcp-epoll-5] i.r.p.client.ReactorNettyClient          : [cid: 0x5] Response: ParameterStatus{name='server_version', value='17.7 (Debian 17.7-3.pgdg13+1)'}
2026-02-06T19:04:39.224-05:00 DEBUG 21219 --- [01-WebFlux] [tor-tcp-epoll-5] i.r.p.client.ReactorNettyClient          : [cid: 0x5] Response: ParameterStatus{name='server_encoding', value='UTF8'}
2026-02-06T19:04:39.224-05:00 DEBUG 21219 --- [01-WebFlux] [tor-tcp-epoll-5] i.r.p.client.ReactorNettyClient          : [cid: 0x5] Response: BackendKeyData{processId=108, secretKey=2119051128}
2026-02-06T19:04:39.224-05:00 DEBUG 21219 --- [01-WebFlux] [tor-tcp-epoll-5] i.r.p.client.ReactorNettyClient          : [cid: 0x5][pid: 108] Response: ReadyForQuery{transactionStatus=IDLE}
2026-02-06T19:04:39.225-05:00 DEBUG 21219 --- [01-WebFlux] [tor-tcp-epoll-5] io.r2dbc.postgresql.QUERY                : [cid: 0x5][pid: 108] Executing query: SHOW TRANSACTION ISOLATION LEVEL
2026-02-06T19:04:39.225-05:00 DEBUG 21219 --- [01-WebFlux] [tor-tcp-epoll-5] i.r.p.client.ReactorNettyClient          : [cid: 0x5][pid: 108] Request:  Query{query='SHOW TRANSACTION ISOLATION LEVEL'}
2026-02-06T19:04:39.227-05:00 DEBUG 21219 --- [01-WebFlux] [tor-tcp-epoll-5] i.r.p.client.ReactorNettyClient          : [cid: 0x5][pid: 108] Response: RowDescription{fields=[Field{column=0, dataType=25, dataTypeModifier=-1, dataTypeSize=-1, format=FORMAT_TEXT, name='transaction_isolation', table=0}]}
2026-02-06T19:04:39.228-05:00 DEBUG 21219 --- [01-WebFlux] [tor-tcp-epoll-5] i.r.p.client.ReactorNettyClient          : [cid: 0x5][pid: 108] Response: DataRow{columns=[PooledSlicedByteBuf(ridx: 0, widx: 14, cap: 14/14, unwrapped: PooledUnsafeDirectByteBuf(ridx: 72, widx: 88, cap: 1024))]}
2026-02-06T19:04:39.228-05:00 DEBUG 21219 --- [01-WebFlux] [tor-tcp-epoll-5] i.r.p.client.ReactorNettyClient          : [cid: 0x5][pid: 108] Response: CommandComplete{command=SHOW, rowId=null, rows=null}
2026-02-06T19:04:39.228-05:00 DEBUG 21219 --- [01-WebFlux] [tor-tcp-epoll-5] i.r.p.client.ReactorNettyClient          : [cid: 0x5][pid: 108] Response: ReadyForQuery{transactionStatus=IDLE}
2026-02-06T19:04:39.228-05:00 DEBUG 21219 --- [01-WebFlux] [tor-tcp-epoll-5] io.r2dbc.postgresql.QUERY                : [cid: 0x5][pid: 108] Executing query: SELECT oid, typname FROM pg_catalog.pg_type WHERE typname IN ('hstore')
2026-02-06T19:04:39.228-05:00 DEBUG 21219 --- [01-WebFlux] [tor-tcp-epoll-5] i.r.p.client.ReactorNettyClient          : [cid: 0x5][pid: 108] Request:  Query{query='SELECT oid, typname FROM pg_catalog.pg_type WHERE typname IN ('hstore')'}
2026-02-06T19:04:39.231-05:00 DEBUG 21219 --- [01-WebFlux] [tor-tcp-epoll-5] i.r.p.client.ReactorNettyClient          : [cid: 0x5][pid: 108] Response: RowDescription{fields=[Field{column=1, dataType=26, dataTypeModifier=-1, dataTypeSize=4, format=FORMAT_TEXT, name='oid', table=1247}, Field{column=2, dataType=19, dataTypeModifier=-1, dataTypeSize=64, format=FORMAT_TEXT, name='typname', table=1247}]}
2026-02-06T19:04:39.231-05:00 DEBUG 21219 --- [01-WebFlux] [tor-tcp-epoll-5] i.r.p.client.ReactorNettyClient          : [cid: 0x5][pid: 108] Response: CommandComplete{command=SELECT, rowId=null, rows=0}
2026-02-06T19:04:39.232-05:00 DEBUG 21219 --- [01-WebFlux] [tor-tcp-epoll-5] i.r.p.client.ReactorNettyClient          : [cid: 0x5][pid: 108] Response: ReadyForQuery{transactionStatus=IDLE}
2026-02-06T19:04:39.233-05:00 DEBUG 21219 --- [01-WebFlux] [tor-tcp-epoll-6] i.r.p.client.ReactorNettyClient          : [cid: 0x6] Request:  StartupMessage{applicationName='r2dbc-postgresql', database='marketplace', username='br7forlife', options='{}'}
2026-02-06T19:04:39.240-05:00 DEBUG 21219 --- [01-WebFlux] [tor-tcp-epoll-6] i.r.p.client.ReactorNettyClient          : [cid: 0x6] Response: AuthenticationSASL{authenticationMechanisms=[SCRAM-SHA-256]}
2026-02-06T19:04:39.240-05:00 DEBUG 21219 --- [01-WebFlux] [tor-tcp-epoll-6] i.r.p.client.ReactorNettyClient          : [cid: 0x6] Request:  SASLInitialResponse{initialResponse=java.nio.HeapByteBuffer[pos=0 lim=42 cap=46], name='SCRAM-SHA-256'}
2026-02-06T19:04:39.241-05:00 DEBUG 21219 --- [01-WebFlux] [tor-tcp-epoll-6] i.r.p.client.ReactorNettyClient          : [cid: 0x6] Response: AuthenticationSASLContinue{data=java.nio.HeapByteBuffer[pos=0 lim=84 cap=84]}
2026-02-06T19:04:39.256-05:00 DEBUG 21219 --- [01-WebFlux] [tor-tcp-epoll-6] i.r.p.client.ReactorNettyClient          : [cid: 0x6] Request:  SASLResponse{data=java.nio.HeapByteBuffer[pos=0 lim=104 cap=114]}
2026-02-06T19:04:39.260-05:00 DEBUG 21219 --- [01-WebFlux] [tor-tcp-epoll-6] i.r.p.client.ReactorNettyClient          : [cid: 0x6] Response: AuthenticationSASLFinal{additionalData=java.nio.HeapByteBuffer[pos=0 lim=46 cap=46]}
2026-02-06T19:04:39.260-05:00 DEBUG 21219 --- [01-WebFlux] [tor-tcp-epoll-6] i.r.p.client.ReactorNettyClient          : [cid: 0x6] Response: AuthenticationOk{}
2026-02-06T19:04:39.260-05:00 DEBUG 21219 --- [01-WebFlux] [tor-tcp-epoll-6] i.r.p.client.ReactorNettyClient          : [cid: 0x6] Response: ParameterStatus{name='in_hot_standby', value='off'}
2026-02-06T19:04:39.260-05:00 DEBUG 21219 --- [01-WebFlux] [tor-tcp-epoll-6] i.r.p.client.ReactorNettyClient          : [cid: 0x6] Response: ParameterStatus{name='integer_datetimes', value='on'}
2026-02-06T19:04:39.260-05:00 DEBUG 21219 --- [01-WebFlux] [tor-tcp-epoll-6] i.r.p.client.ReactorNettyClient          : [cid: 0x6] Response: ParameterStatus{name='TimeZone', value='America/Bogota'}
2026-02-06T19:04:39.260-05:00 DEBUG 21219 --- [01-WebFlux] [tor-tcp-epoll-6] i.r.p.client.ReactorNettyClient          : [cid: 0x6] Response: ParameterStatus{name='IntervalStyle', value='postgres'}
2026-02-06T19:04:39.261-05:00 DEBUG 21219 --- [01-WebFlux] [tor-tcp-epoll-6] i.r.p.client.ReactorNettyClient          : [cid: 0x6] Response: ParameterStatus{name='is_superuser', value='on'}
2026-02-06T19:04:39.261-05:00 DEBUG 21219 --- [01-WebFlux] [tor-tcp-epoll-6] i.r.p.client.ReactorNettyClient          : [cid: 0x6] Response: ParameterStatus{name='application_name', value='r2dbc-postgresql'}
2026-02-06T19:04:39.261-05:00 DEBUG 21219 --- [01-WebFlux] [tor-tcp-epoll-6] i.r.p.client.ReactorNettyClient          : [cid: 0x6] Response: ParameterStatus{name='default_transaction_read_only', value='off'}
2026-02-06T19:04:39.261-05:00 DEBUG 21219 --- [01-WebFlux] [tor-tcp-epoll-6] i.r.p.client.ReactorNettyClient          : [cid: 0x6] Response: ParameterStatus{name='scram_iterations', value='4096'}
2026-02-06T19:04:39.261-05:00 DEBUG 21219 --- [01-WebFlux] [tor-tcp-epoll-6] i.r.p.client.ReactorNettyClient          : [cid: 0x6] Response: ParameterStatus{name='DateStyle', value='ISO, MDY'}
2026-02-06T19:04:39.261-05:00 DEBUG 21219 --- [01-WebFlux] [tor-tcp-epoll-6] i.r.p.client.ReactorNettyClient          : [cid: 0x6] Response: ParameterStatus{name='standard_conforming_strings', value='on'}
2026-02-06T19:04:39.261-05:00 DEBUG 21219 --- [01-WebFlux] [tor-tcp-epoll-6] i.r.p.client.ReactorNettyClient          : [cid: 0x6] Response: ParameterStatus{name='session_authorization', value='br7forlife'}
2026-02-06T19:04:39.261-05:00 DEBUG 21219 --- [01-WebFlux] [tor-tcp-epoll-6] i.r.p.client.ReactorNettyClient          : [cid: 0x6] Response: ParameterStatus{name='client_encoding', value='UTF8'}
2026-02-06T19:04:39.262-05:00 DEBUG 21219 --- [01-WebFlux] [tor-tcp-epoll-6] i.r.p.client.ReactorNettyClient          : [cid: 0x6] Response: ParameterStatus{name='server_version', value='17.7 (Debian 17.7-3.pgdg13+1)'}
2026-02-06T19:04:39.262-05:00 DEBUG 21219 --- [01-WebFlux] [tor-tcp-epoll-6] i.r.p.client.ReactorNettyClient          : [cid: 0x6] Response: ParameterStatus{name='server_encoding', value='UTF8'}
2026-02-06T19:04:39.262-05:00 DEBUG 21219 --- [01-WebFlux] [tor-tcp-epoll-6] i.r.p.client.ReactorNettyClient          : [cid: 0x6] Response: BackendKeyData{processId=109, secretKey=1830880316}
2026-02-06T19:04:39.262-05:00 DEBUG 21219 --- [01-WebFlux] [tor-tcp-epoll-6] i.r.p.client.ReactorNettyClient          : [cid: 0x6][pid: 109] Response: ReadyForQuery{transactionStatus=IDLE}
2026-02-06T19:04:39.263-05:00 DEBUG 21219 --- [01-WebFlux] [tor-tcp-epoll-6] io.r2dbc.postgresql.QUERY                : [cid: 0x6][pid: 109] Executing query: SHOW TRANSACTION ISOLATION LEVEL
2026-02-06T19:04:39.263-05:00 DEBUG 21219 --- [01-WebFlux] [tor-tcp-epoll-6] i.r.p.client.ReactorNettyClient          : [cid: 0x6][pid: 109] Request:  Query{query='SHOW TRANSACTION ISOLATION LEVEL'}
2026-02-06T19:04:39.265-05:00 DEBUG 21219 --- [01-WebFlux] [tor-tcp-epoll-6] i.r.p.client.ReactorNettyClient          : [cid: 0x6][pid: 109] Response: RowDescription{fields=[Field{column=0, dataType=25, dataTypeModifier=-1, dataTypeSize=-1, format=FORMAT_TEXT, name='transaction_isolation', table=0}]}
2026-02-06T19:04:39.265-05:00 DEBUG 21219 --- [01-WebFlux] [tor-tcp-epoll-6] i.r.p.client.ReactorNettyClient          : [cid: 0x6][pid: 109] Response: DataRow{columns=[PooledSlicedByteBuf(ridx: 0, widx: 14, cap: 14/14, unwrapped: PooledUnsafeDirectByteBuf(ridx: 72, widx: 88, cap: 1024))]}
2026-02-06T19:04:39.265-05:00 DEBUG 21219 --- [01-WebFlux] [tor-tcp-epoll-6] i.r.p.client.ReactorNettyClient          : [cid: 0x6][pid: 109] Response: CommandComplete{command=SHOW, rowId=null, rows=null}
2026-02-06T19:04:39.265-05:00 DEBUG 21219 --- [01-WebFlux] [tor-tcp-epoll-6] i.r.p.client.ReactorNettyClient          : [cid: 0x6][pid: 109] Response: ReadyForQuery{transactionStatus=IDLE}
2026-02-06T19:04:39.266-05:00 DEBUG 21219 --- [01-WebFlux] [tor-tcp-epoll-6] io.r2dbc.postgresql.QUERY                : [cid: 0x6][pid: 109] Executing query: SELECT oid, typname FROM pg_catalog.pg_type WHERE typname IN ('hstore')
2026-02-06T19:04:39.266-05:00 DEBUG 21219 --- [01-WebFlux] [tor-tcp-epoll-6] i.r.p.client.ReactorNettyClient          : [cid: 0x6][pid: 109] Request:  Query{query='SELECT oid, typname FROM pg_catalog.pg_type WHERE typname IN ('hstore')'}
2026-02-06T19:04:39.268-05:00 DEBUG 21219 --- [01-WebFlux] [tor-tcp-epoll-6] i.r.p.client.ReactorNettyClient          : [cid: 0x6][pid: 109] Response: RowDescription{fields=[Field{column=1, dataType=26, dataTypeModifier=-1, dataTypeSize=4, format=FORMAT_TEXT, name='oid', table=1247}, Field{column=2, dataType=19, dataTypeModifier=-1, dataTypeSize=64, format=FORMAT_TEXT, name='typname', table=1247}]}
2026-02-06T19:04:39.268-05:00 DEBUG 21219 --- [01-WebFlux] [tor-tcp-epoll-6] i.r.p.client.ReactorNettyClient          : [cid: 0x6][pid: 109] Response: CommandComplete{command=SELECT, rowId=null, rows=0}
2026-02-06T19:04:39.268-05:00 DEBUG 21219 --- [01-WebFlux] [tor-tcp-epoll-6] i.r.p.client.ReactorNettyClient          : [cid: 0x6][pid: 109] Response: ReadyForQuery{transactionStatus=IDLE}
2026-02-06T19:04:39.270-05:00 DEBUG 21219 --- [01-WebFlux] [tor-tcp-epoll-7] i.r.p.client.ReactorNettyClient          : [cid: 0x7] Request:  StartupMessage{applicationName='r2dbc-postgresql', database='marketplace', username='br7forlife', options='{}'}
2026-02-06T19:04:39.275-05:00 DEBUG 21219 --- [01-WebFlux] [tor-tcp-epoll-7] i.r.p.client.ReactorNettyClient          : [cid: 0x7] Response: AuthenticationSASL{authenticationMechanisms=[SCRAM-SHA-256]}
2026-02-06T19:04:39.276-05:00 DEBUG 21219 --- [01-WebFlux] [tor-tcp-epoll-7] i.r.p.client.ReactorNettyClient          : [cid: 0x7] Request:  SASLInitialResponse{initialResponse=java.nio.HeapByteBuffer[pos=0 lim=42 cap=46], name='SCRAM-SHA-256'}
2026-02-06T19:04:39.277-05:00 DEBUG 21219 --- [01-WebFlux] [tor-tcp-epoll-7] i.r.p.client.ReactorNettyClient          : [cid: 0x7] Response: AuthenticationSASLContinue{data=java.nio.HeapByteBuffer[pos=0 lim=84 cap=84]}
2026-02-06T19:04:39.291-05:00 DEBUG 21219 --- [01-WebFlux] [tor-tcp-epoll-7] i.r.p.client.ReactorNettyClient          : [cid: 0x7] Request:  SASLResponse{data=java.nio.HeapByteBuffer[pos=0 lim=104 cap=114]}
2026-02-06T19:04:39.295-05:00 DEBUG 21219 --- [01-WebFlux] [tor-tcp-epoll-7] i.r.p.client.ReactorNettyClient          : [cid: 0x7] Response: AuthenticationSASLFinal{additionalData=java.nio.HeapByteBuffer[pos=0 lim=46 cap=46]}
2026-02-06T19:04:39.295-05:00 DEBUG 21219 --- [01-WebFlux] [tor-tcp-epoll-7] i.r.p.client.ReactorNettyClient          : [cid: 0x7] Response: AuthenticationOk{}
2026-02-06T19:04:39.295-05:00 DEBUG 21219 --- [01-WebFlux] [tor-tcp-epoll-7] i.r.p.client.ReactorNettyClient          : [cid: 0x7] Response: ParameterStatus{name='in_hot_standby', value='off'}
2026-02-06T19:04:39.296-05:00 DEBUG 21219 --- [01-WebFlux] [tor-tcp-epoll-7] i.r.p.client.ReactorNettyClient          : [cid: 0x7] Response: ParameterStatus{name='integer_datetimes', value='on'}
2026-02-06T19:04:39.296-05:00 DEBUG 21219 --- [01-WebFlux] [tor-tcp-epoll-7] i.r.p.client.ReactorNettyClient          : [cid: 0x7] Response: ParameterStatus{name='TimeZone', value='America/Bogota'}
2026-02-06T19:04:39.296-05:00 DEBUG 21219 --- [01-WebFlux] [tor-tcp-epoll-7] i.r.p.client.ReactorNettyClient          : [cid: 0x7] Response: ParameterStatus{name='IntervalStyle', value='postgres'}
2026-02-06T19:04:39.296-05:00 DEBUG 21219 --- [01-WebFlux] [tor-tcp-epoll-7] i.r.p.client.ReactorNettyClient          : [cid: 0x7] Response: ParameterStatus{name='is_superuser', value='on'}
2026-02-06T19:04:39.296-05:00 DEBUG 21219 --- [01-WebFlux] [tor-tcp-epoll-7] i.r.p.client.ReactorNettyClient          : [cid: 0x7] Response: ParameterStatus{name='application_name', value='r2dbc-postgresql'}
2026-02-06T19:04:39.296-05:00 DEBUG 21219 --- [01-WebFlux] [tor-tcp-epoll-7] i.r.p.client.ReactorNettyClient          : [cid: 0x7] Response: ParameterStatus{name='default_transaction_read_only', value='off'}
2026-02-06T19:04:39.296-05:00 DEBUG 21219 --- [01-WebFlux] [tor-tcp-epoll-7] i.r.p.client.ReactorNettyClient          : [cid: 0x7] Response: ParameterStatus{name='scram_iterations', value='4096'}
2026-02-06T19:04:39.296-05:00 DEBUG 21219 --- [01-WebFlux] [tor-tcp-epoll-7] i.r.p.client.ReactorNettyClient          : [cid: 0x7] Response: ParameterStatus{name='DateStyle', value='ISO, MDY'}
2026-02-06T19:04:39.297-05:00 DEBUG 21219 --- [01-WebFlux] [tor-tcp-epoll-7] i.r.p.client.ReactorNettyClient          : [cid: 0x7] Response: ParameterStatus{name='standard_conforming_strings', value='on'}
2026-02-06T19:04:39.297-05:00 DEBUG 21219 --- [01-WebFlux] [tor-tcp-epoll-7] i.r.p.client.ReactorNettyClient          : [cid: 0x7] Response: ParameterStatus{name='session_authorization', value='br7forlife'}
2026-02-06T19:04:39.297-05:00 DEBUG 21219 --- [01-WebFlux] [tor-tcp-epoll-7] i.r.p.client.ReactorNettyClient          : [cid: 0x7] Response: ParameterStatus{name='client_encoding', value='UTF8'}
2026-02-06T19:04:39.297-05:00 DEBUG 21219 --- [01-WebFlux] [tor-tcp-epoll-7] i.r.p.client.ReactorNettyClient          : [cid: 0x7] Response: ParameterStatus{name='server_version', value='17.7 (Debian 17.7-3.pgdg13+1)'}
2026-02-06T19:04:39.297-05:00 DEBUG 21219 --- [01-WebFlux] [tor-tcp-epoll-7] i.r.p.client.ReactorNettyClient          : [cid: 0x7] Response: ParameterStatus{name='server_encoding', value='UTF8'}
2026-02-06T19:04:39.297-05:00 DEBUG 21219 --- [01-WebFlux] [tor-tcp-epoll-7] i.r.p.client.ReactorNettyClient          : [cid: 0x7] Response: BackendKeyData{processId=110, secretKey=1072812038}
2026-02-06T19:04:39.297-05:00 DEBUG 21219 --- [01-WebFlux] [tor-tcp-epoll-7] i.r.p.client.ReactorNettyClient          : [cid: 0x7][pid: 110] Response: ReadyForQuery{transactionStatus=IDLE}
2026-02-06T19:04:39.299-05:00 DEBUG 21219 --- [01-WebFlux] [tor-tcp-epoll-7] io.r2dbc.postgresql.QUERY                : [cid: 0x7][pid: 110] Executing query: SHOW TRANSACTION ISOLATION LEVEL
2026-02-06T19:04:39.299-05:00 DEBUG 21219 --- [01-WebFlux] [tor-tcp-epoll-7] i.r.p.client.ReactorNettyClient          : [cid: 0x7][pid: 110] Request:  Query{query='SHOW TRANSACTION ISOLATION LEVEL'}
2026-02-06T19:04:39.300-05:00 DEBUG 21219 --- [01-WebFlux] [tor-tcp-epoll-7] i.r.p.client.ReactorNettyClient          : [cid: 0x7][pid: 110] Response: RowDescription{fields=[Field{column=0, dataType=25, dataTypeModifier=-1, dataTypeSize=-1, format=FORMAT_TEXT, name='transaction_isolation', table=0}]}
2026-02-06T19:04:39.301-05:00 DEBUG 21219 --- [01-WebFlux] [tor-tcp-epoll-7] i.r.p.client.ReactorNettyClient          : [cid: 0x7][pid: 110] Response: DataRow{columns=[PooledSlicedByteBuf(ridx: 0, widx: 14, cap: 14/14, unwrapped: PooledUnsafeDirectByteBuf(ridx: 72, widx: 88, cap: 1024))]}
2026-02-06T19:04:39.301-05:00 DEBUG 21219 --- [01-WebFlux] [tor-tcp-epoll-7] i.r.p.client.ReactorNettyClient          : [cid: 0x7][pid: 110] Response: CommandComplete{command=SHOW, rowId=null, rows=null}
2026-02-06T19:04:39.301-05:00 DEBUG 21219 --- [01-WebFlux] [tor-tcp-epoll-7] i.r.p.client.ReactorNettyClient          : [cid: 0x7][pid: 110] Response: ReadyForQuery{transactionStatus=IDLE}
2026-02-06T19:04:39.301-05:00 DEBUG 21219 --- [01-WebFlux] [tor-tcp-epoll-7] io.r2dbc.postgresql.QUERY                : [cid: 0x7][pid: 110] Executing query: SELECT oid, typname FROM pg_catalog.pg_type WHERE typname IN ('hstore')
2026-02-06T19:04:39.301-05:00 DEBUG 21219 --- [01-WebFlux] [tor-tcp-epoll-7] i.r.p.client.ReactorNettyClient          : [cid: 0x7][pid: 110] Request:  Query{query='SELECT oid, typname FROM pg_catalog.pg_type WHERE typname IN ('hstore')'}
2026-02-06T19:04:39.304-05:00 DEBUG 21219 --- [01-WebFlux] [tor-tcp-epoll-7] i.r.p.client.ReactorNettyClient          : [cid: 0x7][pid: 110] Response: RowDescription{fields=[Field{column=1, dataType=26, dataTypeModifier=-1, dataTypeSize=4, format=FORMAT_TEXT, name='oid', table=1247}, Field{column=2, dataType=19, dataTypeModifier=-1, dataTypeSize=64, format=FORMAT_TEXT, name='typname', table=1247}]}
2026-02-06T19:04:39.304-05:00 DEBUG 21219 --- [01-WebFlux] [tor-tcp-epoll-7] i.r.p.client.ReactorNettyClient          : [cid: 0x7][pid: 110] Response: CommandComplete{command=SELECT, rowId=null, rows=0}
2026-02-06T19:04:39.304-05:00 DEBUG 21219 --- [01-WebFlux] [tor-tcp-epoll-7] i.r.p.client.ReactorNettyClient          : [cid: 0x7][pid: 110] Response: ReadyForQuery{transactionStatus=IDLE}
2026-02-06T19:04:39.306-05:00 DEBUG 21219 --- [01-WebFlux] [tor-tcp-epoll-8] i.r.p.client.ReactorNettyClient          : [cid: 0x8] Request:  StartupMessage{applicationName='r2dbc-postgresql', database='marketplace', username='br7forlife', options='{}'}
2026-02-06T19:04:39.311-05:00 DEBUG 21219 --- [01-WebFlux] [tor-tcp-epoll-8] i.r.p.client.ReactorNettyClient          : [cid: 0x8] Response: AuthenticationSASL{authenticationMechanisms=[SCRAM-SHA-256]}
2026-02-06T19:04:39.311-05:00 DEBUG 21219 --- [01-WebFlux] [tor-tcp-epoll-8] i.r.p.client.ReactorNettyClient          : [cid: 0x8] Request:  SASLInitialResponse{initialResponse=java.nio.HeapByteBuffer[pos=0 lim=42 cap=46], name='SCRAM-SHA-256'}
2026-02-06T19:04:39.312-05:00 DEBUG 21219 --- [01-WebFlux] [tor-tcp-epoll-8] i.r.p.client.ReactorNettyClient          : [cid: 0x8] Response: AuthenticationSASLContinue{data=java.nio.HeapByteBuffer[pos=0 lim=84 cap=84]}
2026-02-06T19:04:39.326-05:00 DEBUG 21219 --- [01-WebFlux] [tor-tcp-epoll-8] i.r.p.client.ReactorNettyClient          : [cid: 0x8] Request:  SASLResponse{data=java.nio.HeapByteBuffer[pos=0 lim=104 cap=114]}
2026-02-06T19:04:39.329-05:00 DEBUG 21219 --- [01-WebFlux] [tor-tcp-epoll-8] i.r.p.client.ReactorNettyClient          : [cid: 0x8] Response: AuthenticationSASLFinal{additionalData=java.nio.HeapByteBuffer[pos=0 lim=46 cap=46]}
2026-02-06T19:04:39.330-05:00 DEBUG 21219 --- [01-WebFlux] [tor-tcp-epoll-8] i.r.p.client.ReactorNettyClient          : [cid: 0x8] Response: AuthenticationOk{}
2026-02-06T19:04:39.330-05:00 DEBUG 21219 --- [01-WebFlux] [tor-tcp-epoll-8] i.r.p.client.ReactorNettyClient          : [cid: 0x8] Response: ParameterStatus{name='in_hot_standby', value='off'}
2026-02-06T19:04:39.330-05:00 DEBUG 21219 --- [01-WebFlux] [tor-tcp-epoll-8] i.r.p.client.ReactorNettyClient          : [cid: 0x8] Response: ParameterStatus{name='integer_datetimes', value='on'}
2026-02-06T19:04:39.330-05:00 DEBUG 21219 --- [01-WebFlux] [tor-tcp-epoll-8] i.r.p.client.ReactorNettyClient          : [cid: 0x8] Response: ParameterStatus{name='TimeZone', value='America/Bogota'}
2026-02-06T19:04:39.330-05:00 DEBUG 21219 --- [01-WebFlux] [tor-tcp-epoll-8] i.r.p.client.ReactorNettyClient          : [cid: 0x8] Response: ParameterStatus{name='IntervalStyle', value='postgres'}
2026-02-06T19:04:39.330-05:00 DEBUG 21219 --- [01-WebFlux] [tor-tcp-epoll-8] i.r.p.client.ReactorNettyClient          : [cid: 0x8] Response: ParameterStatus{name='is_superuser', value='on'}
2026-02-06T19:04:39.330-05:00 DEBUG 21219 --- [01-WebFlux] [tor-tcp-epoll-8] i.r.p.client.ReactorNettyClient          : [cid: 0x8] Response: ParameterStatus{name='application_name', value='r2dbc-postgresql'}
2026-02-06T19:04:39.331-05:00 DEBUG 21219 --- [01-WebFlux] [tor-tcp-epoll-8] i.r.p.client.ReactorNettyClient          : [cid: 0x8] Response: ParameterStatus{name='default_transaction_read_only', value='off'}
2026-02-06T19:04:39.331-05:00 DEBUG 21219 --- [01-WebFlux] [tor-tcp-epoll-8] i.r.p.client.ReactorNettyClient          : [cid: 0x8] Response: ParameterStatus{name='scram_iterations', value='4096'}
2026-02-06T19:04:39.331-05:00 DEBUG 21219 --- [01-WebFlux] [tor-tcp-epoll-8] i.r.p.client.ReactorNettyClient          : [cid: 0x8] Response: ParameterStatus{name='DateStyle', value='ISO, MDY'}
2026-02-06T19:04:39.331-05:00 DEBUG 21219 --- [01-WebFlux] [tor-tcp-epoll-8] i.r.p.client.ReactorNettyClient          : [cid: 0x8] Response: ParameterStatus{name='standard_conforming_strings', value='on'}
2026-02-06T19:04:39.331-05:00 DEBUG 21219 --- [01-WebFlux] [tor-tcp-epoll-8] i.r.p.client.ReactorNettyClient          : [cid: 0x8] Response: ParameterStatus{name='session_authorization', value='br7forlife'}
2026-02-06T19:04:39.331-05:00 DEBUG 21219 --- [01-WebFlux] [tor-tcp-epoll-8] i.r.p.client.ReactorNettyClient          : [cid: 0x8] Response: ParameterStatus{name='client_encoding', value='UTF8'}
2026-02-06T19:04:39.331-05:00 DEBUG 21219 --- [01-WebFlux] [tor-tcp-epoll-8] i.r.p.client.ReactorNettyClient          : [cid: 0x8] Response: ParameterStatus{name='server_version', value='17.7 (Debian 17.7-3.pgdg13+1)'}
2026-02-06T19:04:39.332-05:00 DEBUG 21219 --- [01-WebFlux] [tor-tcp-epoll-8] i.r.p.client.ReactorNettyClient          : [cid: 0x8] Response: ParameterStatus{name='server_encoding', value='UTF8'}
2026-02-06T19:04:39.332-05:00 DEBUG 21219 --- [01-WebFlux] [tor-tcp-epoll-8] i.r.p.client.ReactorNettyClient          : [cid: 0x8] Response: BackendKeyData{processId=111, secretKey=-588063144}
2026-02-06T19:04:39.332-05:00 DEBUG 21219 --- [01-WebFlux] [tor-tcp-epoll-8] i.r.p.client.ReactorNettyClient          : [cid: 0x8][pid: 111] Response: ReadyForQuery{transactionStatus=IDLE}
2026-02-06T19:04:39.333-05:00 DEBUG 21219 --- [01-WebFlux] [tor-tcp-epoll-8] io.r2dbc.postgresql.QUERY                : [cid: 0x8][pid: 111] Executing query: SHOW TRANSACTION ISOLATION LEVEL
2026-02-06T19:04:39.333-05:00 DEBUG 21219 --- [01-WebFlux] [tor-tcp-epoll-8] i.r.p.client.ReactorNettyClient          : [cid: 0x8][pid: 111] Request:  Query{query='SHOW TRANSACTION ISOLATION LEVEL'}
2026-02-06T19:04:39.334-05:00 DEBUG 21219 --- [01-WebFlux] [tor-tcp-epoll-8] i.r.p.client.ReactorNettyClient          : [cid: 0x8][pid: 111] Response: RowDescription{fields=[Field{column=0, dataType=25, dataTypeModifier=-1, dataTypeSize=-1, format=FORMAT_TEXT, name='transaction_isolation', table=0}]}
2026-02-06T19:04:39.334-05:00 DEBUG 21219 --- [01-WebFlux] [tor-tcp-epoll-8] i.r.p.client.ReactorNettyClient          : [cid: 0x8][pid: 111] Response: DataRow{columns=[PooledSlicedByteBuf(ridx: 0, widx: 14, cap: 14/14, unwrapped: PooledUnsafeDirectByteBuf(ridx: 72, widx: 88, cap: 1024))]}
2026-02-06T19:04:39.335-05:00 DEBUG 21219 --- [01-WebFlux] [tor-tcp-epoll-8] i.r.p.client.ReactorNettyClient          : [cid: 0x8][pid: 111] Response: CommandComplete{command=SHOW, rowId=null, rows=null}
2026-02-06T19:04:39.335-05:00 DEBUG 21219 --- [01-WebFlux] [tor-tcp-epoll-8] i.r.p.client.ReactorNettyClient          : [cid: 0x8][pid: 111] Response: ReadyForQuery{transactionStatus=IDLE}
2026-02-06T19:04:39.335-05:00 DEBUG 21219 --- [01-WebFlux] [tor-tcp-epoll-8] io.r2dbc.postgresql.QUERY                : [cid: 0x8][pid: 111] Executing query: SELECT oid, typname FROM pg_catalog.pg_type WHERE typname IN ('hstore')
2026-02-06T19:04:39.335-05:00 DEBUG 21219 --- [01-WebFlux] [tor-tcp-epoll-8] i.r.p.client.ReactorNettyClient          : [cid: 0x8][pid: 111] Request:  Query{query='SELECT oid, typname FROM pg_catalog.pg_type WHERE typname IN ('hstore')'}
2026-02-06T19:04:39.337-05:00 DEBUG 21219 --- [01-WebFlux] [tor-tcp-epoll-8] i.r.p.client.ReactorNettyClient          : [cid: 0x8][pid: 111] Response: RowDescription{fields=[Field{column=1, dataType=26, dataTypeModifier=-1, dataTypeSize=4, format=FORMAT_TEXT, name='oid', table=1247}, Field{column=2, dataType=19, dataTypeModifier=-1, dataTypeSize=64, format=FORMAT_TEXT, name='typname', table=1247}]}
2026-02-06T19:04:39.337-05:00 DEBUG 21219 --- [01-WebFlux] [tor-tcp-epoll-8] i.r.p.client.ReactorNettyClient          : [cid: 0x8][pid: 111] Response: CommandComplete{command=SELECT, rowId=null, rows=0}
2026-02-06T19:04:39.337-05:00 DEBUG 21219 --- [01-WebFlux] [tor-tcp-epoll-8] i.r.p.client.ReactorNettyClient          : [cid: 0x8][pid: 111] Response: ReadyForQuery{transactionStatus=IDLE}
2026-02-06T19:04:39.339-05:00 DEBUG 21219 --- [01-WebFlux] [tor-tcp-epoll-9] i.r.p.client.ReactorNettyClient          : [cid: 0x9] Request:  StartupMessage{applicationName='r2dbc-postgresql', database='marketplace', username='br7forlife', options='{}'}
2026-02-06T19:04:39.344-05:00 DEBUG 21219 --- [01-WebFlux] [tor-tcp-epoll-9] i.r.p.client.ReactorNettyClient          : [cid: 0x9] Response: AuthenticationSASL{authenticationMechanisms=[SCRAM-SHA-256]}
2026-02-06T19:04:39.344-05:00 DEBUG 21219 --- [01-WebFlux] [tor-tcp-epoll-9] i.r.p.client.ReactorNettyClient          : [cid: 0x9] Request:  SASLInitialResponse{initialResponse=java.nio.HeapByteBuffer[pos=0 lim=42 cap=46], name='SCRAM-SHA-256'}
2026-02-06T19:04:39.345-05:00 DEBUG 21219 --- [01-WebFlux] [tor-tcp-epoll-9] i.r.p.client.ReactorNettyClient          : [cid: 0x9] Response: AuthenticationSASLContinue{data=java.nio.HeapByteBuffer[pos=0 lim=84 cap=84]}
2026-02-06T19:04:39.359-05:00 DEBUG 21219 --- [01-WebFlux] [tor-tcp-epoll-9] i.r.p.client.ReactorNettyClient          : [cid: 0x9] Request:  SASLResponse{data=java.nio.HeapByteBuffer[pos=0 lim=104 cap=114]}
2026-02-06T19:04:39.363-05:00 DEBUG 21219 --- [01-WebFlux] [tor-tcp-epoll-9] i.r.p.client.ReactorNettyClient          : [cid: 0x9] Response: AuthenticationSASLFinal{additionalData=java.nio.HeapByteBuffer[pos=0 lim=46 cap=46]}
2026-02-06T19:04:39.363-05:00 DEBUG 21219 --- [01-WebFlux] [tor-tcp-epoll-9] i.r.p.client.ReactorNettyClient          : [cid: 0x9] Response: AuthenticationOk{}
2026-02-06T19:04:39.364-05:00 DEBUG 21219 --- [01-WebFlux] [tor-tcp-epoll-9] i.r.p.client.ReactorNettyClient          : [cid: 0x9] Response: ParameterStatus{name='in_hot_standby', value='off'}
2026-02-06T19:04:39.364-05:00 DEBUG 21219 --- [01-WebFlux] [tor-tcp-epoll-9] i.r.p.client.ReactorNettyClient          : [cid: 0x9] Response: ParameterStatus{name='integer_datetimes', value='on'}
2026-02-06T19:04:39.364-05:00 DEBUG 21219 --- [01-WebFlux] [tor-tcp-epoll-9] i.r.p.client.ReactorNettyClient          : [cid: 0x9] Response: ParameterStatus{name='TimeZone', value='America/Bogota'}
2026-02-06T19:04:39.364-05:00 DEBUG 21219 --- [01-WebFlux] [tor-tcp-epoll-9] i.r.p.client.ReactorNettyClient          : [cid: 0x9] Response: ParameterStatus{name='IntervalStyle', value='postgres'}
2026-02-06T19:04:39.364-05:00 DEBUG 21219 --- [01-WebFlux] [tor-tcp-epoll-9] i.r.p.client.ReactorNettyClient          : [cid: 0x9] Response: ParameterStatus{name='is_superuser', value='on'}
2026-02-06T19:04:39.364-05:00 DEBUG 21219 --- [01-WebFlux] [tor-tcp-epoll-9] i.r.p.client.ReactorNettyClient          : [cid: 0x9] Response: ParameterStatus{name='application_name', value='r2dbc-postgresql'}
2026-02-06T19:04:39.364-05:00 DEBUG 21219 --- [01-WebFlux] [tor-tcp-epoll-9] i.r.p.client.ReactorNettyClient          : [cid: 0x9] Response: ParameterStatus{name='default_transaction_read_only', value='off'}
2026-02-06T19:04:39.364-05:00 DEBUG 21219 --- [01-WebFlux] [tor-tcp-epoll-9] i.r.p.client.ReactorNettyClient          : [cid: 0x9] Response: ParameterStatus{name='scram_iterations', value='4096'}
2026-02-06T19:04:39.364-05:00 DEBUG 21219 --- [01-WebFlux] [tor-tcp-epoll-9] i.r.p.client.ReactorNettyClient          : [cid: 0x9] Response: ParameterStatus{name='DateStyle', value='ISO, MDY'}
2026-02-06T19:04:39.364-05:00 DEBUG 21219 --- [01-WebFlux] [tor-tcp-epoll-9] i.r.p.client.ReactorNettyClient          : [cid: 0x9] Response: ParameterStatus{name='standard_conforming_strings', value='on'}
2026-02-06T19:04:39.365-05:00 DEBUG 21219 --- [01-WebFlux] [tor-tcp-epoll-9] i.r.p.client.ReactorNettyClient          : [cid: 0x9] Response: ParameterStatus{name='session_authorization', value='br7forlife'}
2026-02-06T19:04:39.365-05:00 DEBUG 21219 --- [01-WebFlux] [tor-tcp-epoll-9] i.r.p.client.ReactorNettyClient          : [cid: 0x9] Response: ParameterStatus{name='client_encoding', value='UTF8'}
2026-02-06T19:04:39.365-05:00 DEBUG 21219 --- [01-WebFlux] [tor-tcp-epoll-9] i.r.p.client.ReactorNettyClient          : [cid: 0x9] Response: ParameterStatus{name='server_version', value='17.7 (Debian 17.7-3.pgdg13+1)'}
2026-02-06T19:04:39.365-05:00 DEBUG 21219 --- [01-WebFlux] [tor-tcp-epoll-9] i.r.p.client.ReactorNettyClient          : [cid: 0x9] Response: ParameterStatus{name='server_encoding', value='UTF8'}
2026-02-06T19:04:39.365-05:00 DEBUG 21219 --- [01-WebFlux] [tor-tcp-epoll-9] i.r.p.client.ReactorNettyClient          : [cid: 0x9] Response: BackendKeyData{processId=112, secretKey=761540244}
2026-02-06T19:04:39.365-05:00 DEBUG 21219 --- [01-WebFlux] [tor-tcp-epoll-9] i.r.p.client.ReactorNettyClient          : [cid: 0x9][pid: 112] Response: ReadyForQuery{transactionStatus=IDLE}
2026-02-06T19:04:39.366-05:00 DEBUG 21219 --- [01-WebFlux] [tor-tcp-epoll-9] io.r2dbc.postgresql.QUERY                : [cid: 0x9][pid: 112] Executing query: SHOW TRANSACTION ISOLATION LEVEL
2026-02-06T19:04:39.366-05:00 DEBUG 21219 --- [01-WebFlux] [tor-tcp-epoll-9] i.r.p.client.ReactorNettyClient          : [cid: 0x9][pid: 112] Request:  Query{query='SHOW TRANSACTION ISOLATION LEVEL'}
2026-02-06T19:04:39.368-05:00 DEBUG 21219 --- [01-WebFlux] [tor-tcp-epoll-9] i.r.p.client.ReactorNettyClient          : [cid: 0x9][pid: 112] Response: RowDescription{fields=[Field{column=0, dataType=25, dataTypeModifier=-1, dataTypeSize=-1, format=FORMAT_TEXT, name='transaction_isolation', table=0}]}
2026-02-06T19:04:39.368-05:00 DEBUG 21219 --- [01-WebFlux] [tor-tcp-epoll-9] i.r.p.client.ReactorNettyClient          : [cid: 0x9][pid: 112] Response: DataRow{columns=[PooledSlicedByteBuf(ridx: 0, widx: 14, cap: 14/14, unwrapped: PooledUnsafeDirectByteBuf(ridx: 72, widx: 88, cap: 1024))]}
2026-02-06T19:04:39.368-05:00 DEBUG 21219 --- [01-WebFlux] [tor-tcp-epoll-9] i.r.p.client.ReactorNettyClient          : [cid: 0x9][pid: 112] Response: CommandComplete{command=SHOW, rowId=null, rows=null}
2026-02-06T19:04:39.368-05:00 DEBUG 21219 --- [01-WebFlux] [tor-tcp-epoll-9] i.r.p.client.ReactorNettyClient          : [cid: 0x9][pid: 112] Response: ReadyForQuery{transactionStatus=IDLE}
2026-02-06T19:04:39.369-05:00 DEBUG 21219 --- [01-WebFlux] [tor-tcp-epoll-9] io.r2dbc.postgresql.QUERY                : [cid: 0x9][pid: 112] Executing query: SELECT oid, typname FROM pg_catalog.pg_type WHERE typname IN ('hstore')
2026-02-06T19:04:39.369-05:00 DEBUG 21219 --- [01-WebFlux] [tor-tcp-epoll-9] i.r.p.client.ReactorNettyClient          : [cid: 0x9][pid: 112] Request:  Query{query='SELECT oid, typname FROM pg_catalog.pg_type WHERE typname IN ('hstore')'}
2026-02-06T19:04:39.371-05:00 DEBUG 21219 --- [01-WebFlux] [tor-tcp-epoll-9] i.r.p.client.ReactorNettyClient          : [cid: 0x9][pid: 112] Response: RowDescription{fields=[Field{column=1, dataType=26, dataTypeModifier=-1, dataTypeSize=4, format=FORMAT_TEXT, name='oid', table=1247}, Field{column=2, dataType=19, dataTypeModifier=-1, dataTypeSize=64, format=FORMAT_TEXT, name='typname', table=1247}]}
2026-02-06T19:04:39.371-05:00 DEBUG 21219 --- [01-WebFlux] [tor-tcp-epoll-9] i.r.p.client.ReactorNettyClient          : [cid: 0x9][pid: 112] Response: CommandComplete{command=SELECT, rowId=null, rows=0}
2026-02-06T19:04:39.371-05:00 DEBUG 21219 --- [01-WebFlux] [tor-tcp-epoll-9] i.r.p.client.ReactorNettyClient          : [cid: 0x9][pid: 112] Response: ReadyForQuery{transactionStatus=IDLE}
2026-02-06T19:04:39.373-05:00 DEBUG 21219 --- [01-WebFlux] [or-tcp-epoll-10] i.r.p.client.ReactorNettyClient          : [cid: 0xa] Request:  StartupMessage{applicationName='r2dbc-postgresql', database='marketplace', username='br7forlife', options='{}'}
2026-02-06T19:04:39.378-05:00 DEBUG 21219 --- [01-WebFlux] [or-tcp-epoll-10] i.r.p.client.ReactorNettyClient          : [cid: 0xa] Response: AuthenticationSASL{authenticationMechanisms=[SCRAM-SHA-256]}
2026-02-06T19:04:39.379-05:00 DEBUG 21219 --- [01-WebFlux] [or-tcp-epoll-10] i.r.p.client.ReactorNettyClient          : [cid: 0xa] Request:  SASLInitialResponse{initialResponse=java.nio.HeapByteBuffer[pos=0 lim=42 cap=46], name='SCRAM-SHA-256'}
2026-02-06T19:04:39.380-05:00 DEBUG 21219 --- [01-WebFlux] [or-tcp-epoll-10] i.r.p.client.ReactorNettyClient          : [cid: 0xa] Response: AuthenticationSASLContinue{data=java.nio.HeapByteBuffer[pos=0 lim=84 cap=84]}
2026-02-06T19:04:39.394-05:00 DEBUG 21219 --- [01-WebFlux] [or-tcp-epoll-10] i.r.p.client.ReactorNettyClient          : [cid: 0xa] Request:  SASLResponse{data=java.nio.HeapByteBuffer[pos=0 lim=104 cap=114]}
2026-02-06T19:04:39.400-05:00 DEBUG 21219 --- [01-WebFlux] [or-tcp-epoll-10] i.r.p.client.ReactorNettyClient          : [cid: 0xa] Response: AuthenticationSASLFinal{additionalData=java.nio.HeapByteBuffer[pos=0 lim=46 cap=46]}
2026-02-06T19:04:39.400-05:00 DEBUG 21219 --- [01-WebFlux] [or-tcp-epoll-10] i.r.p.client.ReactorNettyClient          : [cid: 0xa] Response: AuthenticationOk{}
2026-02-06T19:04:39.401-05:00 DEBUG 21219 --- [01-WebFlux] [or-tcp-epoll-10] i.r.p.client.ReactorNettyClient          : [cid: 0xa] Response: ParameterStatus{name='in_hot_standby', value='off'}
2026-02-06T19:04:39.401-05:00 DEBUG 21219 --- [01-WebFlux] [or-tcp-epoll-10] i.r.p.client.ReactorNettyClient          : [cid: 0xa] Response: ParameterStatus{name='integer_datetimes', value='on'}
2026-02-06T19:04:39.401-05:00 DEBUG 21219 --- [01-WebFlux] [or-tcp-epoll-10] i.r.p.client.ReactorNettyClient          : [cid: 0xa] Response: ParameterStatus{name='TimeZone', value='America/Bogota'}
2026-02-06T19:04:39.401-05:00 DEBUG 21219 --- [01-WebFlux] [or-tcp-epoll-10] i.r.p.client.ReactorNettyClient          : [cid: 0xa] Response: ParameterStatus{name='IntervalStyle', value='postgres'}
2026-02-06T19:04:39.401-05:00 DEBUG 21219 --- [01-WebFlux] [or-tcp-epoll-10] i.r.p.client.ReactorNettyClient          : [cid: 0xa] Response: ParameterStatus{name='is_superuser', value='on'}
2026-02-06T19:04:39.401-05:00 DEBUG 21219 --- [01-WebFlux] [or-tcp-epoll-10] i.r.p.client.ReactorNettyClient          : [cid: 0xa] Response: ParameterStatus{name='application_name', value='r2dbc-postgresql'}
2026-02-06T19:04:39.401-05:00 DEBUG 21219 --- [01-WebFlux] [or-tcp-epoll-10] i.r.p.client.ReactorNettyClient          : [cid: 0xa] Response: ParameterStatus{name='default_transaction_read_only', value='off'}
2026-02-06T19:04:39.401-05:00 DEBUG 21219 --- [01-WebFlux] [or-tcp-epoll-10] i.r.p.client.ReactorNettyClient          : [cid: 0xa] Response: ParameterStatus{name='scram_iterations', value='4096'}
2026-02-06T19:04:39.401-05:00 DEBUG 21219 --- [01-WebFlux] [or-tcp-epoll-10] i.r.p.client.ReactorNettyClient          : [cid: 0xa] Response: ParameterStatus{name='DateStyle', value='ISO, MDY'}
2026-02-06T19:04:39.401-05:00 DEBUG 21219 --- [01-WebFlux] [or-tcp-epoll-10] i.r.p.client.ReactorNettyClient          : [cid: 0xa] Response: ParameterStatus{name='standard_conforming_strings', value='on'}
2026-02-06T19:04:39.402-05:00 DEBUG 21219 --- [01-WebFlux] [or-tcp-epoll-10] i.r.p.client.ReactorNettyClient          : [cid: 0xa] Response: ParameterStatus{name='session_authorization', value='br7forlife'}
2026-02-06T19:04:39.402-05:00 DEBUG 21219 --- [01-WebFlux] [or-tcp-epoll-10] i.r.p.client.ReactorNettyClient          : [cid: 0xa] Response: ParameterStatus{name='client_encoding', value='UTF8'}
2026-02-06T19:04:39.402-05:00 DEBUG 21219 --- [01-WebFlux] [or-tcp-epoll-10] i.r.p.client.ReactorNettyClient          : [cid: 0xa] Response: ParameterStatus{name='server_version', value='17.7 (Debian 17.7-3.pgdg13+1)'}
2026-02-06T19:04:39.402-05:00 DEBUG 21219 --- [01-WebFlux] [or-tcp-epoll-10] i.r.p.client.ReactorNettyClient          : [cid: 0xa] Response: ParameterStatus{name='server_encoding', value='UTF8'}
2026-02-06T19:04:39.402-05:00 DEBUG 21219 --- [01-WebFlux] [or-tcp-epoll-10] i.r.p.client.ReactorNettyClient          : [cid: 0xa] Response: BackendKeyData{processId=113, secretKey=652471965}
2026-02-06T19:04:39.402-05:00 DEBUG 21219 --- [01-WebFlux] [or-tcp-epoll-10] i.r.p.client.ReactorNettyClient          : [cid: 0xa][pid: 113] Response: ReadyForQuery{transactionStatus=IDLE}
2026-02-06T19:04:39.403-05:00 DEBUG 21219 --- [01-WebFlux] [or-tcp-epoll-10] io.r2dbc.postgresql.QUERY                : [cid: 0xa][pid: 113] Executing query: SHOW TRANSACTION ISOLATION LEVEL
2026-02-06T19:04:39.404-05:00 DEBUG 21219 --- [01-WebFlux] [or-tcp-epoll-10] i.r.p.client.ReactorNettyClient          : [cid: 0xa][pid: 113] Request:  Query{query='SHOW TRANSACTION ISOLATION LEVEL'}
2026-02-06T19:04:39.405-05:00 DEBUG 21219 --- [01-WebFlux] [or-tcp-epoll-10] i.r.p.client.ReactorNettyClient          : [cid: 0xa][pid: 113] Response: RowDescription{fields=[Field{column=0, dataType=25, dataTypeModifier=-1, dataTypeSize=-1, format=FORMAT_TEXT, name='transaction_isolation', table=0}]}
2026-02-06T19:04:39.406-05:00 DEBUG 21219 --- [01-WebFlux] [or-tcp-epoll-10] i.r.p.client.ReactorNettyClient          : [cid: 0xa][pid: 113] Response: DataRow{columns=[PooledSlicedByteBuf(ridx: 0, widx: 14, cap: 14/14, unwrapped: PooledUnsafeDirectByteBuf(ridx: 72, widx: 88, cap: 1024))]}
2026-02-06T19:04:39.406-05:00 DEBUG 21219 --- [01-WebFlux] [or-tcp-epoll-10] i.r.p.client.ReactorNettyClient          : [cid: 0xa][pid: 113] Response: CommandComplete{command=SHOW, rowId=null, rows=null}
2026-02-06T19:04:39.406-05:00 DEBUG 21219 --- [01-WebFlux] [or-tcp-epoll-10] i.r.p.client.ReactorNettyClient          : [cid: 0xa][pid: 113] Response: ReadyForQuery{transactionStatus=IDLE}
2026-02-06T19:04:39.406-05:00 DEBUG 21219 --- [01-WebFlux] [or-tcp-epoll-10] io.r2dbc.postgresql.QUERY                : [cid: 0xa][pid: 113] Executing query: SELECT oid, typname FROM pg_catalog.pg_type WHERE typname IN ('hstore')
2026-02-06T19:04:39.406-05:00 DEBUG 21219 --- [01-WebFlux] [or-tcp-epoll-10] i.r.p.client.ReactorNettyClient          : [cid: 0xa][pid: 113] Request:  Query{query='SELECT oid, typname FROM pg_catalog.pg_type WHERE typname IN ('hstore')'}
2026-02-06T19:04:39.409-05:00 DEBUG 21219 --- [01-WebFlux] [or-tcp-epoll-10] i.r.p.client.ReactorNettyClient          : [cid: 0xa][pid: 113] Response: RowDescription{fields=[Field{column=1, dataType=26, dataTypeModifier=-1, dataTypeSize=4, format=FORMAT_TEXT, name='oid', table=1247}, Field{column=2, dataType=19, dataTypeModifier=-1, dataTypeSize=64, format=FORMAT_TEXT, name='typname', table=1247}]}
2026-02-06T19:04:39.409-05:00 DEBUG 21219 --- [01-WebFlux] [or-tcp-epoll-10] i.r.p.client.ReactorNettyClient          : [cid: 0xa][pid: 113] Response: CommandComplete{command=SELECT, rowId=null, rows=0}
2026-02-06T19:04:39.409-05:00 DEBUG 21219 --- [01-WebFlux] [or-tcp-epoll-10] i.r.p.client.ReactorNettyClient          : [cid: 0xa][pid: 113] Response: ReadyForQuery{transactionStatus=IDLE}
2026-02-06T19:05:48.331-05:00 DEBUG 21219 --- [01-WebFlux] [ionShutdownHook] o.s.b.a.ApplicationAvailabilityBean      : Application availability state ReadinessState changed from ACCEPTING_TRAFFIC to REFUSING_TRAFFIC
2026-02-06T19:05:48.340-05:00 DEBUG 21219 --- [01-WebFlux] [ionShutdownHook] onfigReactiveWebServerApplicationContext : Closing org.springframework.boot.web.reactive.context.AnnotationConfigReactiveWebServerApplicationContext@22f31dec, started on Fri Feb 06 19:02:51 COT 2026
2026-02-06T19:05:48.341-05:00 DEBUG 21219 --- [01-WebFlux] [ionShutdownHook] o.s.c.support.DefaultLifecycleProcessor  : Stopping beans in phase 2147482623
2026-02-06T19:05:48.342-05:00  INFO 21219 --- [01-WebFlux] [ionShutdownHook] o.s.b.w.embedded.netty.GracefulShutdown  : Commencing graceful shutdown. Waiting for active requests to complete
2026-02-06T19:05:48.344-05:00  INFO 21219 --- [01-WebFlux] [ netty-shutdown] o.s.b.w.embedded.netty.GracefulShutdown  : Graceful shutdown complete
2026-02-06T19:05:48.344-05:00 DEBUG 21219 --- [01-WebFlux] [ netty-shutdown] o.s.c.support.DefaultLifecycleProcessor  : Bean 'webServerGracefulShutdown' completed its stop procedure
2026-02-06T19:05:48.344-05:00 DEBUG 21219 --- [01-WebFlux] [ionShutdownHook] o.s.c.support.DefaultLifecycleProcessor  : Stopping beans in phase 2147481599
2026-02-06T19:05:48.344-05:00 DEBUG 21219 --- [01-WebFlux] [ionShutdownHook] o.s.c.support.DefaultLifecycleProcessor  : Bean 'webServerStartStop' completed its stop procedure
2026-02-06T19:05:48.344-05:00 DEBUG 21219 --- [01-WebFlux] [ionShutdownHook] o.s.c.support.DefaultLifecycleProcessor  : Stopping beans in phase 1073741823
2026-02-06T19:05:48.344-05:00 DEBUG 21219 --- [01-WebFlux] [ionShutdownHook] o.s.c.support.DefaultLifecycleProcessor  : Bean 'applicationTaskExecutor' completed its stop procedure
2026-02-06T19:05:48.344-05:00 DEBUG 21219 --- [01-WebFlux] [ionShutdownHook] o.s.c.support.DefaultLifecycleProcessor  : Stopping beans in phase 0
2026-02-06T19:05:50.359-05:00 DEBUG 21219 --- [01-WebFlux] [ionShutdownHook] o.s.c.support.DefaultLifecycleProcessor  : Bean 'reactorResourceFactory' completed its stop procedure
2026-02-06T19:05:50.359-05:00 DEBUG 21219 --- [01-WebFlux] [ionShutdownHook] o.s.c.support.DefaultLifecycleProcessor  : Stopping beans in phase -2147483647
2026-02-06T19:05:50.359-05:00 DEBUG 21219 --- [01-WebFlux] [ionShutdownHook] o.s.c.support.DefaultLifecycleProcessor  : Bean 'springBootLoggingLifecycle' completed its stop procedure
2026-02-06T19:05:50.365-05:00 DEBUG 21219 --- [01-WebFlux] [ionShutdownHook] i.r.p.client.ReactorNettyClient          : [cid: 0x1][pid: 104] Request:  Terminate{}
2026-02-06T19:05:50.366-05:00 DEBUG 21219 --- [01-WebFlux] [ionShutdownHook] i.r.p.client.ReactorNettyClient          : [cid: 0x2][pid: 105] Request:  Terminate{}
2026-02-06T19:05:50.367-05:00 DEBUG 21219 --- [01-WebFlux] [ionShutdownHook] i.r.p.client.ReactorNettyClient          : [cid: 0x3][pid: 106] Request:  Terminate{}
2026-02-06T19:05:50.367-05:00 DEBUG 21219 --- [01-WebFlux] [ionShutdownHook] i.r.p.client.ReactorNettyClient          : [cid: 0x4][pid: 107] Request:  Terminate{}
2026-02-06T19:05:50.367-05:00 DEBUG 21219 --- [01-WebFlux] [ionShutdownHook] i.r.p.client.ReactorNettyClient          : [cid: 0x5][pid: 108] Request:  Terminate{}
2026-02-06T19:05:50.367-05:00 DEBUG 21219 --- [01-WebFlux] [ionShutdownHook] i.r.p.client.ReactorNettyClient          : [cid: 0x6][pid: 109] Request:  Terminate{}
2026-02-06T19:05:50.367-05:00 DEBUG 21219 --- [01-WebFlux] [ionShutdownHook] i.r.p.client.ReactorNettyClient          : [cid: 0x7][pid: 110] Request:  Terminate{}
2026-02-06T19:05:50.367-05:00 DEBUG 21219 --- [01-WebFlux] [ionShutdownHook] i.r.p.client.ReactorNettyClient          : [cid: 0x8][pid: 111] Request:  Terminate{}
2026-02-06T19:05:50.368-05:00 DEBUG 21219 --- [01-WebFlux] [ionShutdownHook] i.r.p.client.ReactorNettyClient          : [cid: 0x9][pid: 112] Request:  Terminate{}
2026-02-06T19:05:50.368-05:00 DEBUG 21219 --- [01-WebFlux] [ionShutdownHook] i.r.p.client.ReactorNettyClient          : [cid: 0xa][pid: 113] Request:  Terminate{}
2026-02-06T19:05:50.369-05:00 DEBUG 21219 --- [01-WebFlux] [ionShutdownHook] o.s.b.f.support.DisposableBeanAdapter    : Custom destroy method 'dispose' on bean with name 'connectionFactory' completed
2026-02-06T19:05:50.369-05:00 DEBUG 21219 --- [01-WebFlux] [ionShutdownHook] o.s.s.concurrent.ThreadPoolTaskExecutor  : Shutting down ExecutorService 'applicationTaskExecutor'
[[1;34mINFO[m] [1m------------------------------------------------------------------------[m
[[1;34mINFO[m] [1;32mBUILD SUCCESS[m
[[1;34mINFO[m] [1m------------------------------------------------------------------------[m
[[1;34mINFO[m] Total time:  03:04 min
[[1;34mINFO[m] Finished at: 2026-02-06T19:05:50-05:00
[[1;34mINFO[m] [1m------------------------------------------------------------------------[m
